inspection_id,asset_id,inspected_on,inspection_type,inspector_role,outcome,findings,readings
INS-00001,PRS-HRW-01,2024-10-03,monthly_station_check,Competent Person (Pressure Systems),satisfactory,Duty stream holding 1.60 bar; filter and odorant within limits.,"{""inlet_bar"": 6.9, ""outlet_bar"": 1.6, ""odorant_mg_m3"": 6.1, ""filter_dp_mbar"": 210}"
INS-00002,RMU-ORC-01,2024-10-03,routine_visual,Competent Person (HV),satisfactory,"No damage, oil level normal, enclosure secure.",{}
INS-00003,SSV-HRW-B,2024-10-03,function_test,Competent Person (Pressure Systems),satisfactory,Standby stream slam-shut tripped within 1.90 bar plus or minus 0.04 bar (PR-GAS-014).,"{""opso_trip_bar"": 1.92}"
INS-00004,T-104,2024-10-03,routine_visual,Competent Person (HV),satisfactory,"Oil level normal, no leaks, gauges and maximum pointers read and reset.","{""top_oil_max_pointer_c"": 63.6, ""oil_level"": ""normal""}"
INS-00005,G-124,2024-10-04,monthly_pressure_check,Competent Person (Pressure Systems),satisfactory,Outlet pressure steady at set point; slam-shut open and latched.,"{""inlet_bar"": 1.84, ""outlet_mbar"": 40.1, ""logger_max_outlet_mbar"": 43.1, ""logger_min_outlet_mbar"": 36.8}"
INS-00006,SWG-ASH-11,2024-10-04,routine_visual,Competent Person (HV),satisfactory,"No discharge activity of concern, panels clean, interlocks and labels correct.","{""tev_max_db"": 4.6}"
INS-00007,RMU-BRK-01,2024-10-05,routine_visual,Competent Person (HV),satisfactory,"No damage, oil level normal, enclosure secure.",{}
INS-00008,T-202,2024-10-05,routine_visual,Competent Person (HV),defects_found,Silica gel breather more than two-thirds discoloured; replacement requested.,"{""top_oil_max_pointer_c"": 61.0, ""oil_level"": ""normal""}"
INS-00009,GT-1,2024-10-06,routine_visual,Competent Person (HV),satisfactory,"Oil level normal, no leaks, gauges and maximum pointers read and reset.","{""top_oil_max_pointer_c"": 60.0, ""oil_level"": ""normal""}"
INS-00010,GT-2,2024-10-06,routine_visual,Competent Person (HV),satisfactory,"Oil level normal, no leaks, gauges and maximum pointers read and reset.","{""top_oil_max_pointer_c"": 57.4, ""oil_level"": ""normal""}"
INS-00011,T-105,2024-10-07,routine_visual,Competent Person (HV),satisfactory,"Oil level normal, no leaks, gauges and maximum pointers read and reset.","{""top_oil_max_pointer_c"": 60.4, ""oil_level"": ""normal""}"
INS-00012,BAT-RVL,2024-10-08,battery_check,Competent Person (HV),satisfactory,Float voltage within 123 to 125 V; all cells within limits.,"{""float_volts"": 123.8, ""lowest_cell_volts"": 2.253}"
INS-00013,SSV-118,2024-10-08,function_test,Competent Person (Pressure Systems),satisfactory,Both trips within tolerance (PR-GAS-014). Valve reset and latched.,"{""opso_trip_mbar"": 53.8, ""upso_trip_mbar"": 12.1}"
INS-00014,SSV-HRW-A,2024-10-08,function_test,Competent Person (Pressure Systems),satisfactory,Standby stream slam-shut tripped within 1.90 bar plus or minus 0.04 bar (PR-GAS-014).,"{""opso_trip_bar"": 1.92}"
INS-00015,G-112,2024-10-09,monthly_pressure_check,Competent Person (Pressure Systems),satisfactory,Outlet pressure steady at set point; slam-shut open and latched.,"{""inlet_bar"": 1.91, ""outlet_mbar"": 35.2, ""logger_max_outlet_mbar"": 38.0, ""logger_min_outlet_mbar"": 30.8}"
INS-00016,TX-BRK-01,2024-10-09,routine_visual,Competent Person (HV),satisfactory,"No damage, oil level normal, enclosure secure.",{}
INS-00017,BAT-KGM,2024-10-10,battery_check,Competent Person (HV),satisfactory,Float voltage within 123 to 125 V; all cells within limits.,"{""float_volts"": 123.4, ""lowest_cell_volts"": 2.216}"
INS-00018,CT-KGM-01,2024-10-10,shaft_head_visual,Competent Person (HV),satisfactory,"Shaft covers locked, fixed fan running, gas detector healthy at surface panel.","{""oxygen_pct"": 20.8, ""flammable_pct_lel"": 0.0}"
INS-00019,G-118,2024-10-10,monthly_pressure_check,Competent Person (Pressure Systems),satisfactory,Outlet pressure steady at set point; slam-shut open and latched.,"{""inlet_bar"": 1.85, ""outlet_mbar"": 30.0, ""logger_max_outlet_mbar"": 33.4, ""logger_min_outlet_mbar"": 26.9}"
INS-00020,SSV-112,2024-10-10,function_test,Competent Person (Pressure Systems),satisfactory,Both trips within tolerance (PR-GAS-014). Valve reset and latched.,"{""opso_trip_mbar"": 60.8, ""upso_trip_mbar"": 12.5}"
INS-00021,SWG-RVL-33,2024-10-10,routine_visual,Competent Person (HV),satisfactory,"No discharge activity of concern, panels clean, interlocks and labels correct.","{""tev_max_db"": 2.2}"
INS-00022,SWG-KGM-11,2024-10-11,routine_visual,Competent Person (HV),satisfactory,"No discharge activity of concern, panels clean, interlocks and labels correct.","{""tev_max_db"": 19.2}"
INS-00023,TX-ORC-01,2024-10-11,routine_visual,Competent Person (HV),satisfactory,"No damage, oil level normal, enclosure secure.",{}
INS-00024,BAT-ASH,2024-10-12,battery_check,Competent Person (HV),satisfactory,Float voltage within 123 to 125 V; all cells within limits.,"{""float_volts"": 123.3, ""lowest_cell_volts"": 2.226}"
INS-00025,SSV-124,2024-10-12,function_test,Competent Person (Pressure Systems),satisfactory,Both trips within tolerance (PR-GAS-014). Valve reset and latched.,"{""opso_trip_mbar"": 64.3, ""upso_trip_mbar"": 12.3}"
INS-00026,T-201,2024-10-12,routine_visual,Competent Person (HV),satisfactory,"Oil level normal, no leaks, gauges and maximum pointers read and reset.","{""top_oil_max_pointer_c"": 59.7, ""oil_level"": ""normal""}"
INS-00027,MAIN-LP-17,2024-10-18,leakage_survey,Competent Person (Pressure Systems),satisfactory,No gas indications along the route.,"{""indications_found"": 0}"
INS-00028,GT-1,2024-10-20,oil_sample_dga,Competent Person (HV),satisfactory,All dissolved gases below caution thresholds.,"{""hydrogen"": 21.7, ""methane"": 13.1, ""ethane"": 7.1, ""ethylene"": 9.1, ""carbon_monoxide"": 205, ""carbon_dioxide"": 2304, ""acetylene"": 0.0}"
INS-00029,GT-2,2024-10-20,oil_sample_dga,Competent Person (HV),satisfactory,All dissolved gases below caution thresholds.,"{""hydrogen"": 25.0, ""methane"": 15.9, ""ethane"": 7.3, ""ethylene"": 5.0, ""carbon_monoxide"": 215, ""carbon_dioxide"": 1603, ""acetylene"": 0.0}"
INS-00030,T-104,2024-10-20,oil_sample_dga,Competent Person (HV),satisfactory,All dissolved gases below caution thresholds.,"{""hydrogen"": 13.2, ""methane"": 20.9, ""ethane"": 7.0, ""ethylene"": 7.9, ""carbon_monoxide"": 251, ""carbon_dioxide"": 1659, ""acetylene"": 0.0}"
INS-00031,T-105,2024-10-20,oil_sample_dga,Competent Person (HV),satisfactory,All dissolved gases below caution thresholds.,"{""hydrogen"": 29.2, ""methane"": 14.1, ""ethane"": 5.1, ""ethylene"": 7.8, ""carbon_monoxide"": 265, ""carbon_dioxide"": 2554, ""acetylene"": 0.0}"
INS-00032,T-201,2024-10-20,oil_sample_dga,Competent Person (HV),satisfactory,All dissolved gases below caution thresholds.,"{""hydrogen"": 18.5, ""methane"": 19.6, ""ethane"": 14.2, ""ethylene"": 3.9, ""carbon_monoxide"": 252, ""carbon_dioxide"": 2174, ""acetylene"": 0.0}"
INS-00033,T-202,2024-10-20,oil_sample_dga,Competent Person (HV),satisfactory,All dissolved gases below caution thresholds.,"{""hydrogen"": 15.9, ""methane"": 17.2, ""ethane"": 6.4, ""ethylene"": 4.2, ""carbon_monoxide"": 314, ""carbon_dioxide"": 2717, ""acetylene"": 0.0}"
INS-00034,MAIN-MP-03,2024-10-23,leakage_survey,Competent Person (Pressure Systems),satisfactory,No gas indications along the route.,"{""indications_found"": 0}"
INS-00035,MAIN-IP-01,2024-10-24,leakage_survey,Competent Person (Pressure Systems),satisfactory,No gas indications along the route.,"{""indications_found"": 0}"
INS-00036,MAIN-LP-22,2024-10-25,leakage_survey,Competent Person (Pressure Systems),defects_found,2 gas indication(s) recorded along the route and reported for repair.,"{""indications_found"": 2}"
INS-00037,PRS-HRW-01,2024-11-03,monthly_station_check,Competent Person (Pressure Systems),satisfactory,Duty stream holding 1.60 bar; filter and odorant within limits.,"{""inlet_bar"": 6.5, ""outlet_bar"": 1.62, ""odorant_mg_m3"": 5.9, ""filter_dp_mbar"": 207}"
INS-00038,T-104,2024-11-03,routine_visual,Competent Person (HV),satisfactory,"Oil level normal, no leaks, gauges and maximum pointers read and reset.","{""top_oil_max_pointer_c"": 57.6, ""oil_level"": ""normal""}"
INS-00039,G-124,2024-11-04,monthly_pressure_check,Competent Person (Pressure Systems),satisfactory,Outlet pressure steady at set point; slam-shut open and latched.,"{""inlet_bar"": 1.9, ""outlet_mbar"": 40.2, ""logger_max_outlet_mbar"": 42.9, ""logger_min_outlet_mbar"": 38.0}"
INS-00040,T-202,2024-11-05,routine_visual,Competent Person (HV),satisfactory,"Oil level normal, no leaks, gauges and maximum pointers read and reset.","{""top_oil_max_pointer_c"": 57.0, ""oil_level"": ""normal""}"
INS-00041,GT-1,2024-11-06,routine_visual,Competent Person (HV),satisfactory,"Oil level normal, no leaks, gauges and maximum pointers read and reset.","{""top_oil_max_pointer_c"": 49.5, ""oil_level"": ""normal""}"
INS-00042,GT-2,2024-11-06,routine_visual,Competent Person (HV),satisfactory,"Oil level normal, no leaks, gauges and maximum pointers read and reset.","{""top_oil_max_pointer_c"": 56.7, ""oil_level"": ""normal""}"
INS-00043,T-105,2024-11-07,routine_visual,Competent Person (HV),satisfactory,"Oil level normal, no leaks, gauges and maximum pointers read and reset.","{""top_oil_max_pointer_c"": 52.1, ""oil_level"": ""normal""}"
INS-00044,BAT-RVL,2024-11-08,battery_check,Competent Person (HV),satisfactory,Float voltage within 123 to 125 V; all cells within limits.,"{""float_volts"": 124.4, ""lowest_cell_volts"": 2.237}"
INS-00045,G-112,2024-11-09,monthly_pressure_check,Competent Person (Pressure Systems),satisfactory,Outlet pressure steady at set point; slam-shut open and latched.,"{""inlet_bar"": 1.85, ""outlet_mbar"": 34.6, ""logger_max_outlet_mbar"": 37.7, ""logger_min_outlet_mbar"": 30.6}"
INS-00046,BAT-KGM,2024-11-10,battery_check,Competent Person (HV),satisfactory,Float voltage within 123 to 125 V; all cells within limits.,"{""float_volts"": 123.9, ""lowest_cell_volts"": 2.225}"
INS-00047,CT-KGM-01,2024-11-10,shaft_head_visual,Competent Person (HV),satisfactory,"Shaft covers locked, fixed fan running, gas detector healthy at surface panel.","{""oxygen_pct"": 20.9, ""flammable_pct_lel"": 0.0}"
INS-00048,G-118,2024-11-10,monthly_pressure_check,Competent Person (Pressure Systems),satisfactory,Outlet pressure steady at set point; slam-shut open and latched.,"{""inlet_bar"": 1.81, ""outlet_mbar"": 29.8, ""logger_max_outlet_mbar"": 32.2, ""logger_min_outlet_mbar"": 27.9}"
INS-00049,BAT-ASH,2024-11-12,battery_check,Competent Person (HV),satisfactory,Float voltage within 123 to 125 V; all cells within limits.,"{""float_volts"": 124.5, ""lowest_cell_volts"": 2.205}"
INS-00050,SWG-ASH-11,2024-11-12,protection_test,Competent Person (HV),satisfactory,All circuit breakers tripped within time on secondary injection.,"{""slowest_trip_ms"": 73}"
INS-00051,SWG-KGM-11,2024-11-12,protection_test,Competent Person (HV),unsatisfactory,Circuit breaker on panel 5 failed to trip on secondary injection test.,"{""slowest_trip_ms"": 999.0}"
INS-00052,SWG-RVL-33,2024-11-12,protection_test,Competent Person (HV),satisfactory,All circuit breakers tripped within time on secondary injection.,"{""slowest_trip_ms"": 70}"
INS-00053,T-201,2024-11-12,routine_visual,Competent Person (HV),satisfactory,"Oil level normal, no leaks, gauges and maximum pointers read and reset.","{""top_oil_max_pointer_c"": 52.0, ""oil_level"": ""normal""}"
INS-00054,PRS-HRW-01,2024-12-03,monthly_station_check,Competent Person (Pressure Systems),satisfactory,Duty stream holding 1.60 bar; filter and odorant within limits.,"{""inlet_bar"": 6.43, ""outlet_bar"": 1.6, ""odorant_mg_m3"": 7.6, ""filter_dp_mbar"": 219}"
INS-00055,T-104,2024-12-03,routine_visual,Competent Person (HV),satisfactory,"Oil level normal, no leaks, gauges and maximum pointers read and reset.","{""top_oil_max_pointer_c"": 56.0, ""oil_level"": ""normal""}"
INS-00056,G-124,2024-12-04,monthly_pressure_check,Competent Person (Pressure Systems),satisfactory,Outlet pressure steady at set point; slam-shut open and latched.,"{""inlet_bar"": 1.78, ""outlet_mbar"": 39.4, ""logger_max_outlet_mbar"": 42.8, ""logger_min_outlet_mbar"": 36.4}"
INS-00057,T-202,2024-12-05,routine_visual,Competent Person (HV),satisfactory,"Oil level normal, no leaks, gauges and maximum pointers read and reset.","{""top_oil_max_pointer_c"": 48.3, ""oil_level"": ""normal""}"
INS-00058,GT-1,2024-12-06,routine_visual,Competent Person (HV),satisfactory,"Oil level normal, no leaks, gauges and maximum pointers read and reset.","{""top_oil_max_pointer_c"": 49.5, ""oil_level"": ""normal""}"
INS-00059,GT-2,2024-12-06,routine_visual,Competent Person (HV),satisfactory,"Oil level normal, no leaks, gauges and maximum pointers read and reset.","{""top_oil_max_pointer_c"": 52.0, ""oil_level"": ""normal""}"
INS-00060,T-105,2024-12-07,routine_visual,Competent Person (HV),satisfactory,"Oil level normal, no leaks, gauges and maximum pointers read and reset.","{""top_oil_max_pointer_c"": 45.3, ""oil_level"": ""normal""}"
INS-00061,BAT-RVL,2024-12-08,battery_check,Competent Person (HV),satisfactory,Float voltage within 123 to 125 V; all cells within limits.,"{""float_volts"": 124.2, ""lowest_cell_volts"": 2.203}"
INS-00062,G-112,2024-12-09,monthly_pressure_check,Competent Person (Pressure Systems),satisfactory,Outlet pressure steady at set point; slam-shut open and latched.,"{""inlet_bar"": 1.89, ""outlet_mbar"": 35.1, ""logger_max_outlet_mbar"": 37.2, ""logger_min_outlet_mbar"": 32.0}"
INS-00063,BAT-KGM,2024-12-10,battery_check,Competent Person (HV),satisfactory,Float voltage within 123 to 125 V; all cells within limits.,"{""float_volts"": 123.6, ""lowest_cell_volts"": 2.221}"
INS-00064,CT-KGM-01,2024-12-10,shaft_head_visual,Competent Person (HV),satisfactory,"Shaft covers locked, fixed fan running, gas detector healthy at surface panel.","{""oxygen_pct"": 20.8, ""flammable_pct_lel"": 0.0}"
INS-00065,G-118,2024-12-10,monthly_pressure_check,Competent Person (Pressure Systems),satisfactory,Outlet pressure steady at set point; slam-shut open and latched.,"{""inlet_bar"": 1.85, ""outlet_mbar"": 30.5, ""logger_max_outlet_mbar"": 31.9, ""logger_min_outlet_mbar"": 27.7}"
INS-00066,BAT-ASH,2024-12-12,battery_check,Competent Person (HV),satisfactory,Float voltage within 123 to 125 V; all cells within limits.,"{""float_volts"": 124.3, ""lowest_cell_volts"": 2.213}"
INS-00067,T-201,2024-12-12,routine_visual,Competent Person (HV),satisfactory,"Oil level normal, no leaks, gauges and maximum pointers read and reset.","{""top_oil_max_pointer_c"": 48.3, ""oil_level"": ""normal""}"
INS-00068,PRS-HRW-01,2025-01-03,monthly_station_check,Competent Person (Pressure Systems),satisfactory,Duty stream holding 1.60 bar; filter and odorant within limits.,"{""inlet_bar"": 6.38, ""outlet_bar"": 1.61, ""odorant_mg_m3"": 6.4, ""filter_dp_mbar"": 132}"
INS-00069,RMU-ORC-01,2025-01-03,routine_visual,Competent Person (HV),satisfactory,"No damage, oil level normal, enclosure secure.",{}
INS-00070,T-104,2025-01-03,routine_visual,Competent Person (HV),satisfactory,"Oil level normal, no leaks, gauges and maximum pointers read and reset.","{""top_oil_max_pointer_c"": 51.9, ""oil_level"": ""normal""}"
INS-00071,G-124,2025-01-04,monthly_pressure_check,Competent Person (Pressure Systems),satisfactory,Outlet pressure steady at set point; slam-shut open and latched.,"{""inlet_bar"": 1.87, ""outlet_mbar"": 40.6, ""logger_max_outlet_mbar"": 41.9, ""logger_min_outlet_mbar"": 35.5}"
INS-00072,SWG-ASH-11,2025-01-04,routine_visual,Competent Person (HV),satisfactory,"No discharge activity of concern, panels clean, interlocks and labels correct.","{""tev_max_db"": 8.7}"
INS-00073,RMU-BRK-01,2025-01-05,routine_visual,Competent Person (HV),satisfactory,"No damage, oil level normal, enclosure secure.",{}
INS-00074,T-202,2025-01-05,routine_visual,Competent Person (HV),satisfactory,"Oil level normal, no leaks, gauges and maximum pointers read and reset.","{""top_oil_max_pointer_c"": 44.2, ""oil_level"": ""normal""}"
INS-00075,GT-1,2025-01-06,routine_visual,Competent Person (HV),satisfactory,"Oil level normal, no leaks, gauges and maximum pointers read and reset.","{""top_oil_max_pointer_c"": 49.5, ""oil_level"": ""normal""}"
INS-00076,GT-2,2025-01-06,routine_visual,Competent Person (HV),satisfactory,"Oil level normal, no leaks, gauges and maximum pointers read and reset.","{""top_oil_max_pointer_c"": 50.4, ""oil_level"": ""normal""}"
INS-00077,T-105,2025-01-07,routine_visual,Competent Person (HV),satisfactory,"Oil level normal, no leaks, gauges and maximum pointers read and reset.","{""top_oil_max_pointer_c"": 46.2, ""oil_level"": ""normal""}"
INS-00078,BAT-RVL,2025-01-08,battery_check,Competent Person (HV),satisfactory,Float voltage within 123 to 125 V; all cells within limits.,"{""float_volts"": 123.4, ""lowest_cell_volts"": 2.23}"
INS-00079,G-112,2025-01-09,monthly_pressure_check,Competent Person (Pressure Systems),satisfactory,Outlet pressure steady at set point; slam-shut open and latched.,"{""inlet_bar"": 1.87, ""outlet_mbar"": 35.3, ""logger_max_outlet_mbar"": 36.6, ""logger_min_outlet_mbar"": 31.0}"
INS-00080,TX-BRK-01,2025-01-09,routine_visual,Competent Person (HV),satisfactory,"No damage, oil level normal, enclosure secure.",{}
INS-00081,BAT-KGM,2025-01-10,battery_check,Competent Person (HV),satisfactory,Float voltage within 123 to 125 V; all cells within limits.,"{""float_volts"": 124.5, ""lowest_cell_volts"": 2.242}"
INS-00082,CT-KGM-01,2025-01-10,shaft_head_visual,Competent Person (HV),satisfactory,"Shaft covers locked, fixed fan running, gas detector healthy at surface panel.","{""oxygen_pct"": 20.8, ""flammable_pct_lel"": 0.0}"
INS-00083,G-118,2025-01-10,monthly_pressure_check,Competent Person (Pressure Systems),satisfactory,Outlet pressure steady at set point; slam-shut open and latched.,"{""inlet_bar"": 1.79, ""outlet_mbar"": 29.9, ""logger_max_outlet_mbar"": 33.5, ""logger_min_outlet_mbar"": 26.6}"
INS-00084,SWG-RVL-33,2025-01-10,routine_visual,Competent Person (HV),satisfactory,"No discharge activity of concern, panels clean, interlocks and labels correct.","{""tev_max_db"": 9.0}"
INS-00085,SWG-KGM-11,2025-01-11,routine_visual,Competent Person (HV),defects_found,Partial discharge 29.5 dB TEV on panel 3; oil weep at a breaker tank seal.,"{""tev_max_db"": 29.5}"
INS-00086,TX-ORC-01,2025-01-11,routine_visual,Competent Person (HV),satisfactory,"No damage, oil level normal, enclosure secure.",{}
INS-00087,BAT-ASH,2025-01-12,battery_check,Competent Person (HV),satisfactory,Float voltage within 123 to 125 V; all cells within limits.,"{""float_volts"": 124.6, ""lowest_cell_volts"": 2.21}"
INS-00088,T-201,2025-01-12,routine_visual,Competent Person (HV),satisfactory,"Oil level normal, no leaks, gauges and maximum pointers read and reset.","{""top_oil_max_pointer_c"": 47.3, ""oil_level"": ""normal""}"
INS-00089,GT-1,2025-01-20,oil_sample_dga,Competent Person (HV),satisfactory,All dissolved gases below caution thresholds.,"{""hydrogen"": 12.3, ""methane"": 13.3, ""ethane"": 7.7, ""ethylene"": 9.1, ""carbon_monoxide"": 208, ""carbon_dioxide"": 1985, ""acetylene"": 0.0}"
INS-00090,GT-2,2025-01-20,oil_sample_dga,Competent Person (HV),satisfactory,All dissolved gases below caution thresholds.,"{""hydrogen"": 12.1, ""methane"": 9.1, ""ethane"": 11.4, ""ethylene"": 11.6, ""carbon_monoxide"": 192, ""carbon_dioxide"": 2576, ""acetylene"": 0.0}"
INS-00091,T-104,2025-01-20,oil_sample_dga,Competent Person (HV),satisfactory,All dissolved gases below caution thresholds.,"{""hydrogen"": 13.9, ""methane"": 9.3, ""ethane"": 12.8, ""ethylene"": 7.5, ""carbon_monoxide"": 297, ""carbon_dioxide"": 2389, ""acetylene"": 0.0}"
INS-00092,T-105,2025-01-20,oil_sample_dga,Competent Person (HV),satisfactory,All dissolved gases below caution thresholds.,"{""hydrogen"": 17.8, ""methane"": 11.8, ""ethane"": 5.4, ""ethylene"": 11.1, ""carbon_monoxide"": 187, ""carbon_dioxide"": 2747, ""acetylene"": 0.0}"
INS-00093,T-201,2025-01-20,oil_sample_dga,Competent Person (HV),satisfactory,All dissolved gases below caution thresholds.,"{""hydrogen"": 26.8, ""methane"": 13.9, ""ethane"": 12.7, ""ethylene"": 6.5, ""carbon_monoxide"": 284, ""carbon_dioxide"": 2691, ""acetylene"": 0.0}"
INS-00094,T-202,2025-01-20,oil_sample_dga,Competent Person (HV),satisfactory,All dissolved gases below caution thresholds.,"{""hydrogen"": 19.2, ""methane"": 11.5, ""ethane"": 8.0, ""ethylene"": 4.1, ""carbon_monoxide"": 259, ""carbon_dioxide"": 2789, ""acetylene"": 0.0}"
INS-00095,PRS-HRW-01,2025-02-03,monthly_station_check,Competent Person (Pressure Systems),satisfactory,Duty stream holding 1.60 bar; filter and odorant within limits.,"{""inlet_bar"": 6.56, ""outlet_bar"": 1.59, ""odorant_mg_m3"": 8.1, ""filter_dp_mbar"": 230}"
INS-00096,T-104,2025-02-03,routine_visual,Competent Person (HV),satisfactory,"Oil level normal, no leaks, gauges and maximum pointers read and reset.","{""top_oil_max_pointer_c"": 54.2, ""oil_level"": ""normal""}"
INS-00097,G-124,2025-02-04,monthly_pressure_check,Competent Person (Pressure Systems),satisfactory,Outlet pressure steady at set point; slam-shut open and latched.,"{""inlet_bar"": 1.79, ""outlet_mbar"": 39.9, ""logger_max_outlet_mbar"": 41.7, ""logger_min_outlet_mbar"": 37.9}"
INS-00098,T-202,2025-02-05,routine_visual,Competent Person (HV),satisfactory,"Oil level normal, no leaks, gauges and maximum pointers read and reset.","{""top_oil_max_pointer_c"": 48.6, ""oil_level"": ""normal""}"
INS-00099,GT-1,2025-02-06,routine_visual,Competent Person (HV),satisfactory,"Oil level normal, no leaks, gauges and maximum pointers read and reset.","{""top_oil_max_pointer_c"": 47.1, ""oil_level"": ""normal""}"
INS-00100,GT-2,2025-02-06,routine_visual,Competent Person (HV),satisfactory,"Oil level normal, no leaks, gauges and maximum pointers read and reset.","{""top_oil_max_pointer_c"": 49.0, ""oil_level"": ""normal""}"
INS-00101,T-105,2025-02-07,routine_visual,Competent Person (HV),satisfactory,"Oil level normal, no leaks, gauges and maximum pointers read and reset.","{""top_oil_max_pointer_c"": 47.6, ""oil_level"": ""normal""}"
INS-00102,BAT-RVL,2025-02-08,battery_check,Competent Person (HV),satisfactory,Float voltage within 123 to 125 V; all cells within limits.,"{""float_volts"": 124.5, ""lowest_cell_volts"": 2.224}"
INS-00103,G-112,2025-02-09,monthly_pressure_check,Competent Person (Pressure Systems),satisfactory,Outlet pressure steady at set point; slam-shut open and latched.,"{""inlet_bar"": 1.84, ""outlet_mbar"": 34.9, ""logger_max_outlet_mbar"": 36.8, ""logger_min_outlet_mbar"": 32.3}"
INS-00104,BAT-KGM,2025-02-10,battery_check,Competent Person (HV),satisfactory,Float voltage within 123 to 125 V; all cells within limits.,"{""float_volts"": 123.6, ""lowest_cell_volts"": 2.205}"
INS-00105,CT-KGM-01,2025-02-10,shaft_head_visual,Competent Person (HV),satisfactory,"Shaft covers locked, fixed fan running, gas detector healthy at surface panel.","{""oxygen_pct"": 20.9, ""flammable_pct_lel"": 0.0}"
INS-00106,G-118,2025-02-10,monthly_pressure_check,Competent Person (Pressure Systems),satisfactory,Outlet pressure steady at set point; slam-shut open and latched.,"{""inlet_bar"": 1.82, ""outlet_mbar"": 30.2, ""logger_max_outlet_mbar"": 32.4, ""logger_min_outlet_mbar"": 27.0}"
INS-00107,BAT-ASH,2025-02-12,battery_check,Competent Person (HV),satisfactory,Float voltage within 123 to 125 V; all cells within limits.,"{""float_volts"": 124.1, ""lowest_cell_volts"": 2.209}"
INS-00108,T-201,2025-02-12,routine_visual,Competent Person (HV),satisfactory,"Oil level normal, no leaks, gauges and maximum pointers read and reset.","{""top_oil_max_pointer_c"": 46.5, ""oil_level"": ""normal""}"
INS-00109,PRS-HRW-01,2025-03-03,monthly_station_check,Competent Person (Pressure Systems),satisfactory,Duty stream holding 1.60 bar; filter and odorant within limits.,"{""inlet_bar"": 6.65, ""outlet_bar"": 1.61, ""odorant_mg_m3"": 6.6, ""filter_dp_mbar"": 129}"
INS-00110,T-104,2025-03-03,routine_visual,Competent Person (HV),satisfactory,"Oil level normal, no leaks, gauges and maximum pointers read and reset.","{""top_oil_max_pointer_c"": 55.7, ""oil_level"": ""normal""}"
INS-00111,G-124,2025-03-04,monthly_pressure_check,Competent Person (Pressure Systems),satisfactory,Outlet pressure steady at set point; slam-shut open and latched.,"{""inlet_bar"": 1.9, ""outlet_mbar"": 40.0, ""logger_max_outlet_mbar"": 42.5, ""logger_min_outlet_mbar"": 37.0}"
INS-00112,T-202,2025-03-05,routine_visual,Competent Person (HV),satisfactory,"Oil level normal, no leaks, gauges and maximum pointers read and reset.","{""top_oil_max_pointer_c"": 45.5, ""oil_level"": ""normal""}"
INS-00113,GT-1,2025-03-06,routine_visual,Competent Person (HV),satisfactory,"Oil level normal, no leaks, gauges and maximum pointers read and reset.","{""top_oil_max_pointer_c"": 51.9, ""oil_level"": ""normal""}"
INS-00114,GT-2,2025-03-06,routine_visual,Competent Person (HV),satisfactory,"Oil level normal, no leaks, gauges and maximum pointers read and reset.","{""top_oil_max_pointer_c"": 53.3, ""oil_level"": ""normal""}"
INS-00115,T-105,2025-03-07,routine_visual,Competent Person (HV),satisfactory,"Oil level normal, no leaks, gauges and maximum pointers read and reset.","{""top_oil_max_pointer_c"": 47.0, ""oil_level"": ""normal""}"
INS-00116,BAT-RVL,2025-03-08,battery_check,Competent Person (HV),satisfactory,Float voltage within 123 to 125 V; all cells within limits.,"{""float_volts"": 124.4, ""lowest_cell_volts"": 2.22}"
INS-00117,G-112,2025-03-09,monthly_pressure_check,Competent Person (Pressure Systems),satisfactory,Outlet pressure steady at set point; slam-shut open and latched.,"{""inlet_bar"": 1.86, ""outlet_mbar"": 34.6, ""logger_max_outlet_mbar"": 37.8, ""logger_min_outlet_mbar"": 30.5}"
INS-00118,BAT-KGM,2025-03-10,battery_check,Competent Person (HV),satisfactory,Float voltage within 123 to 125 V; all cells within limits.,"{""float_volts"": 124.3, ""lowest_cell_volts"": 2.238}"
INS-00119,CT-KGM-01,2025-03-10,shaft_head_visual,Competent Person (HV),satisfactory,"Shaft covers locked, fixed fan running, gas detector healthy at surface panel.","{""oxygen_pct"": 20.8, ""flammable_pct_lel"": 0.0}"
INS-00120,G-118,2025-03-10,monthly_pressure_check,Competent Person (Pressure Systems),satisfactory,Outlet pressure steady at set point; slam-shut open and latched.,"{""inlet_bar"": 1.82, ""outlet_mbar"": 30.3, ""logger_max_outlet_mbar"": 32.6, ""logger_min_outlet_mbar"": 26.0}"
INS-00121,BAT-ASH,2025-03-11,battery_check,Competent Person (HV),defects_found,"Cells 17 and 38 at 2.11 V and 2.13 V, below 2.18 V (PR-ELEC-058).","{""float_volts"": 123.6, ""lowest_cell_volts"": 2.11}"
INS-00122,BAT-ASH,2025-03-12,battery_check,Competent Person (HV),satisfactory,Float voltage within 123 to 125 V; all cells within limits.,"{""float_volts"": 123.5, ""lowest_cell_volts"": 2.206}"
INS-00123,T-201,2025-03-12,routine_visual,Competent Person (HV),satisfactory,"Oil level normal, no leaks, gauges and maximum pointers read and reset.","{""top_oil_max_pointer_c"": 52.9, ""oil_level"": ""normal""}"
INS-00124,PRS-HRW-01,2025-04-03,monthly_station_check,Competent Person (Pressure Systems),satisfactory,Duty stream holding 1.60 bar; filter and odorant within limits.,"{""inlet_bar"": 6.37, ""outlet_bar"": 1.6, ""odorant_mg_m3"": 6.6, ""filter_dp_mbar"": 205}"
INS-00125,RMU-ORC-01,2025-04-03,routine_visual,Competent Person (HV),satisfactory,"No damage, oil level normal, enclosure secure.",{}
INS-00126,SSV-HRW-B,2025-04-03,function_test,Competent Person (Pressure Systems),satisfactory,Standby stream slam-shut tripped within 1.90 bar plus or minus 0.04 bar (PR-GAS-014).,"{""opso_trip_bar"": 1.92}"
INS-00127,T-104,2025-04-03,routine_visual,Competent Person (HV),satisfactory,"Oil level normal, no leaks, gauges and maximum pointers read and reset.","{""top_oil_max_pointer_c"": 59.6, ""oil_level"": ""normal""}"
INS-00128,G-124,2025-04-04,monthly_pressure_check,Competent Person (Pressure Systems),satisfactory,Outlet pressure steady at set point; slam-shut open and latched.,"{""inlet_bar"": 1.87, ""outlet_mbar"": 40.3, ""logger_max_outlet_mbar"": 42.6, ""logger_min_outlet_mbar"": 35.2}"
INS-00129,SWG-ASH-11,2025-04-04,routine_visual,Competent Person (HV),satisfactory,"No discharge activity of concern, panels clean, interlocks and labels correct.","{""tev_max_db"": 2.4}"
INS-00130,RMU-BRK-01,2025-04-05,routine_visual,Competent Person (HV),satisfactory,"No damage, oil level normal, enclosure secure.",{}
INS-00131,T-202,2025-04-05,routine_visual,Competent Person (HV),satisfactory,"Oil level normal, no leaks, gauges and maximum pointers read and reset.","{""top_oil_max_pointer_c"": 50.4, ""oil_level"": ""normal""}"
INS-00132,GT-1,2025-04-06,routine_visual,Competent Person (HV),satisfactory,"Oil level normal, no leaks, gauges and maximum pointers read and reset.","{""top_oil_max_pointer_c"": 52.2, ""oil_level"": ""normal""}"
INS-00133,GT-2,2025-04-06,routine_visual,Competent Person (HV),defects_found,Silica gel breather more than two-thirds discoloured; replacement requested.,"{""top_oil_max_pointer_c"": 49.7, ""oil_level"": ""normal""}"
INS-00134,T-105,2025-04-07,routine_visual,Competent Person (HV),satisfactory,"Oil level normal, no leaks, gauges and maximum pointers read and reset.","{""top_oil_max_pointer_c"": 56.9, ""oil_level"": ""normal""}"
INS-00135,BAT-RVL,2025-04-08,battery_check,Competent Person (HV),satisfactory,Float voltage within 123 to 125 V; all cells within limits.,"{""float_volts"": 124.0, ""lowest_cell_volts"": 2.219}"
INS-00136,SSV-HRW-A,2025-04-08,function_test,Competent Person (Pressure Systems),satisfactory,Standby stream slam-shut tripped within 1.90 bar plus or minus 0.04 bar (PR-GAS-014).,"{""opso_trip_bar"": 1.88}"
INS-00137,G-112,2025-04-09,monthly_pressure_check,Competent Person (Pressure Systems),satisfactory,Outlet pressure steady at set point; slam-shut open and latched.,"{""inlet_bar"": 1.89, ""outlet_mbar"": 35.4, ""logger_max_outlet_mbar"": 37.9, ""logger_min_outlet_mbar"": 30.8}"
INS-00138,TX-BRK-01,2025-04-09,routine_visual,Competent Person (HV),satisfactory,"No damage, oil level normal, enclosure secure.",{}
INS-00139,BAT-KGM,2025-04-10,battery_check,Competent Person (HV),satisfactory,Float voltage within 123 to 125 V; all cells within limits.,"{""float_volts"": 124.0, ""lowest_cell_volts"": 2.23}"
INS-00140,CT-KGM-01,2025-04-10,shaft_head_visual,Competent Person (HV),satisfactory,"Shaft covers locked, fixed fan running, gas detector healthy at surface panel.","{""oxygen_pct"": 20.7, ""flammable_pct_lel"": 0.0}"
INS-00141,G-118,2025-04-10,monthly_pressure_check,Competent Person (Pressure Systems),satisfactory,Outlet pressure steady at set point; slam-shut open and latched.,"{""inlet_bar"": 1.88, ""outlet_mbar"": 30.2, ""logger_max_outlet_mbar"": 32.9, ""logger_min_outlet_mbar"": 27.4}"
INS-00142,SWG-RVL-33,2025-04-10,routine_visual,Competent Person (HV),satisfactory,"No discharge activity of concern, panels clean, interlocks and labels correct.","{""tev_max_db"": 8.3}"
INS-00143,SWG-KGM-11,2025-04-11,routine_visual,Competent Person (HV),defects_found,Partial discharge 30.2 dB TEV on panel 3; oil weep at a breaker tank seal.,"{""tev_max_db"": 30.2}"
INS-00144,TX-ORC-01,2025-04-11,routine_visual,Competent Person (HV),satisfactory,"No damage, oil level normal, enclosure secure.",{}
INS-00145,BAT-ASH,2025-04-12,battery_check,Competent Person (HV),satisfactory,Float voltage within 123 to 125 V; all cells within limits.,"{""float_volts"": 124.4, ""lowest_cell_volts"": 2.244}"
INS-00146,T-201,2025-04-12,routine_visual,Competent Person (HV),satisfactory,"Oil level normal, no leaks, gauges and maximum pointers read and reset.","{""top_oil_max_pointer_c"": 53.7, ""oil_level"": ""normal""}"
INS-00147,GT-1,2025-04-20,oil_sample_dga,Competent Person (HV),satisfactory,All dissolved gases below caution thresholds.,"{""hydrogen"": 29.8, ""methane"": 16.7, ""ethane"": 14.9, ""ethylene"": 4.1, ""carbon_monoxide"": 200, ""carbon_dioxide"": 2351, ""acetylene"": 0.0}"
INS-00148,GT-2,2025-04-20,oil_sample_dga,Competent Person (HV),satisfactory,All dissolved gases below caution thresholds.,"{""hydrogen"": 24.8, ""methane"": 16.8, ""ethane"": 6.4, ""ethylene"": 6.1, ""carbon_monoxide"": 219, ""carbon_dioxide"": 1979, ""acetylene"": 0.0}"
INS-00149,T-104,2025-04-20,oil_sample_dga,Competent Person (HV),satisfactory,"Acetylene detected at 0.4 ppm, below caution. Reported to Senior Authorised Person (HV) as first appearance or continued presence.","{""hydrogen"": 21.9, ""methane"": 8.6, ""ethane"": 8.0, ""ethylene"": 4.2, ""carbon_monoxide"": 193, ""carbon_dioxide"": 2778, ""acetylene"": 0.4}"
INS-00150,T-105,2025-04-20,oil_sample_dga,Competent Person (HV),satisfactory,All dissolved gases below caution thresholds.,"{""hydrogen"": 24.8, ""methane"": 10.0, ""ethane"": 7.1, ""ethylene"": 5.8, ""carbon_monoxide"": 256, ""carbon_dioxide"": 1981, ""acetylene"": 0.0}"
INS-00151,T-201,2025-04-20,oil_sample_dga,Competent Person (HV),satisfactory,All dissolved gases below caution thresholds.,"{""hydrogen"": 25.7, ""methane"": 13.0, ""ethane"": 13.0, ""ethylene"": 8.1, ""carbon_monoxide"": 274, ""carbon_dioxide"": 2014, ""acetylene"": 0.0}"
INS-00152,T-202,2025-04-20,oil_sample_dga,Competent Person (HV),satisfactory,All dissolved gases below caution thresholds.,"{""hydrogen"": 21.0, ""methane"": 13.9, ""ethane"": 4.9, ""ethylene"": 4.6, ""carbon_monoxide"": 274, ""carbon_dioxide"": 2174, ""acetylene"": 0.0}"
INS-00153,MAIN-LP-22,2025-04-25,leakage_survey,Competent Person (Pressure Systems),defects_found,1 gas indication(s) recorded along the route and reported for repair.,"{""indications_found"": 1}"
INS-00154,PRS-HRW-01,2025-05-03,monthly_station_check,Competent Person (Pressure Systems),satisfactory,Duty stream holding 1.60 bar; filter and odorant within limits.,"{""inlet_bar"": 6.73, ""outlet_bar"": 1.6, ""odorant_mg_m3"": 6.0, ""filter_dp_mbar"": 112}"
INS-00155,T-104,2025-05-03,routine_visual,Competent Person (HV),satisfactory,"Oil level normal, no leaks, gauges and maximum pointers read and reset.","{""top_oil_max_pointer_c"": 60.9, ""oil_level"": ""normal""}"
INS-00156,G-124,2025-05-04,monthly_pressure_check,Competent Person (Pressure Systems),satisfactory,Outlet pressure steady at set point; slam-shut open and latched.,"{""inlet_bar"": 1.89, ""outlet_mbar"": 39.5, ""logger_max_outlet_mbar"": 41.6, ""logger_min_outlet_mbar"": 36.6}"
INS-00157,T-202,2025-05-05,routine_visual,Competent Person (HV),satisfactory,"Oil level normal, no leaks, gauges and maximum pointers read and reset.","{""top_oil_max_pointer_c"": 56.0, ""oil_level"": ""normal""}"
INS-00158,GT-1,2025-05-06,routine_visual,Competent Person (HV),satisfactory,"Oil level normal, no leaks, gauges and maximum pointers read and reset.","{""top_oil_max_pointer_c"": 58.1, ""oil_level"": ""normal""}"
INS-00159,GT-2,2025-05-06,routine_visual,Competent Person (HV),satisfactory,"Oil level normal, no leaks, gauges and maximum pointers read and reset.","{""top_oil_max_pointer_c"": 57.5, ""oil_level"": ""normal""}"
INS-00160,T-105,2025-05-07,routine_visual,Competent Person (HV),satisfactory,"Oil level normal, no leaks, gauges and maximum pointers read and reset.","{""top_oil_max_pointer_c"": 54.3, ""oil_level"": ""normal""}"
INS-00161,BAT-RVL,2025-05-08,battery_check,Competent Person (HV),satisfactory,Float voltage within 123 to 125 V; all cells within limits.,"{""float_volts"": 123.5, ""lowest_cell_volts"": 2.202}"
INS-00162,G-112,2025-05-09,monthly_pressure_check,Competent Person (Pressure Systems),satisfactory,Outlet pressure steady at set point; slam-shut open and latched.,"{""inlet_bar"": 1.88, ""outlet_mbar"": 34.5, ""logger_max_outlet_mbar"": 37.7, ""logger_min_outlet_mbar"": 30.2}"
INS-00163,BAT-KGM,2025-05-10,battery_check,Competent Person (HV),satisfactory,Float voltage within 123 to 125 V; all cells within limits.,"{""float_volts"": 124.7, ""lowest_cell_volts"": 2.205}"
INS-00164,CT-KGM-01,2025-05-10,shaft_head_visual,Competent Person (HV),satisfactory,"Shaft covers locked, fixed fan running, gas detector healthy at surface panel.","{""oxygen_pct"": 20.8, ""flammable_pct_lel"": 0.0}"
INS-00165,G-118,2025-05-10,monthly_pressure_check,Competent Person (Pressure Systems),satisfactory,Outlet pressure steady at set point; slam-shut open and latched.,"{""inlet_bar"": 1.92, ""outlet_mbar"": 30.6, ""logger_max_outlet_mbar"": 31.5, ""logger_min_outlet_mbar"": 25.3}"
INS-00166,BAT-ASH,2025-05-12,battery_check,Competent Person (HV),satisfactory,Float voltage within 123 to 125 V; all cells within limits.,"{""float_volts"": 124.0, ""lowest_cell_volts"": 2.232}"
INS-00167,T-201,2025-05-12,routine_visual,Competent Person (HV),satisfactory,"Oil level normal, no leaks, gauges and maximum pointers read and reset.","{""top_oil_max_pointer_c"": 61.5, ""oil_level"": ""normal""}"
INS-00168,PRS-HRW-01,2025-06-03,monthly_station_check,Competent Person (Pressure Systems),satisfactory,Duty stream holding 1.60 bar; filter and odorant within limits.,"{""inlet_bar"": 6.32, ""outlet_bar"": 1.59, ""odorant_mg_m3"": 7.1, ""filter_dp_mbar"": 137}"
INS-00169,T-104,2025-06-03,routine_visual,Competent Person (HV),satisfactory,"Oil level normal, no leaks, gauges and maximum pointers read and reset.","{""top_oil_max_pointer_c"": 67.0, ""oil_level"": ""normal""}"
INS-00170,G-124,2025-06-04,monthly_pressure_check,Competent Person (Pressure Systems),satisfactory,Outlet pressure steady at set point; slam-shut open and latched.,"{""inlet_bar"": 1.8, ""outlet_mbar"": 40.3, ""logger_max_outlet_mbar"": 43.5, ""logger_min_outlet_mbar"": 37.2}"
INS-00171,T-202,2025-06-05,routine_visual,Competent Person (HV),satisfactory,"Oil level normal, no leaks, gauges and maximum pointers read and reset.","{""top_oil_max_pointer_c"": 60.0, ""oil_level"": ""normal""}"
INS-00172,GT-1,2025-06-06,routine_visual,Competent Person (HV),satisfactory,"Oil level normal, no leaks, gauges and maximum pointers read and reset.","{""top_oil_max_pointer_c"": 64.4, ""oil_level"": ""normal""}"
INS-00173,GT-2,2025-06-06,routine_visual,Competent Person (HV),defects_found,Silica gel breather more than two-thirds discoloured; replacement requested.,"{""top_oil_max_pointer_c"": 59.5, ""oil_level"": ""normal""}"
INS-00174,T-105,2025-06-07,routine_visual,Competent Person (HV),satisfactory,"Oil level normal, no leaks, gauges and maximum pointers read and reset.","{""top_oil_max_pointer_c"": 58.6, ""oil_level"": ""normal""}"
INS-00175,BAT-RVL,2025-06-08,battery_check,Competent Person (HV),satisfactory,Float voltage within 123 to 125 V; all cells within limits.,"{""float_volts"": 123.8, ""lowest_cell_volts"": 2.208}"
INS-00176,G-112,2025-06-09,monthly_pressure_check,Competent Person (Pressure Systems),satisfactory,Outlet pressure steady at set point; slam-shut open and latched.,"{""inlet_bar"": 1.8, ""outlet_mbar"": 35.2, ""logger_max_outlet_mbar"": 36.9, ""logger_min_outlet_mbar"": 32.2}"
INS-00177,BAT-KGM,2025-06-10,battery_check,Competent Person (HV),satisfactory,Float voltage within 123 to 125 V; all cells within limits.,"{""float_volts"": 124.6, ""lowest_cell_volts"": 2.216}"
INS-00178,CT-KGM-01,2025-06-10,shaft_head_visual,Competent Person (HV),satisfactory,"Shaft covers locked, fixed fan running, gas detector healthy at surface panel.","{""oxygen_pct"": 20.8, ""flammable_pct_lel"": 0.0}"
INS-00179,G-118,2025-06-10,monthly_pressure_check,Competent Person (Pressure Systems),satisfactory,Outlet pressure steady at set point; slam-shut open and latched.,"{""inlet_bar"": 1.9, ""outlet_mbar"": 30.1, ""logger_max_outlet_mbar"": 33.3, ""logger_min_outlet_mbar"": 25.9}"
INS-00180,BAT-ASH,2025-06-12,battery_check,Competent Person (HV),satisfactory,Float voltage within 123 to 125 V; all cells within limits.,"{""float_volts"": 124.5, ""lowest_cell_volts"": 2.254}"
INS-00181,T-201,2025-06-12,routine_visual,Competent Person (HV),satisfactory,"Oil level normal, no leaks, gauges and maximum pointers read and reset.","{""top_oil_max_pointer_c"": 63.0, ""oil_level"": ""normal""}"
INS-00182,PRS-HRW-01,2025-07-03,monthly_station_check,Competent Person (Pressure Systems),satisfactory,Duty stream holding 1.60 bar; filter and odorant within limits.,"{""inlet_bar"": 6.57, ""outlet_bar"": 1.6, ""odorant_mg_m3"": 8.3, ""filter_dp_mbar"": 138}"
INS-00183,RMU-ORC-01,2025-07-03,routine_visual,Competent Person (HV),satisfactory,"No damage, oil level normal, enclosure secure.",{}
INS-00184,T-104,2025-07-03,routine_visual,Competent Person (HV),satisfactory,"Oil level normal, no leaks, gauges and maximum pointers read and reset.","{""top_oil_max_pointer_c"": 71.5, ""oil_level"": ""normal""}"
INS-00185,G-124,2025-07-04,monthly_pressure_check,Competent Person (Pressure Systems),satisfactory,Outlet pressure steady at set point; slam-shut open and latched.,"{""inlet_bar"": 1.84, ""outlet_mbar"": 40.6, ""logger_max_outlet_mbar"": 42.6, ""logger_min_outlet_mbar"": 37.5}"
INS-00186,SWG-ASH-11,2025-07-04,routine_visual,Competent Person (HV),satisfactory,"No discharge activity of concern, panels clean, interlocks and labels correct.","{""tev_max_db"": 3.0}"
INS-00187,RMU-BRK-01,2025-07-05,routine_visual,Competent Person (HV),satisfactory,"No damage, oil level normal, enclosure secure.",{}
INS-00188,T-202,2025-07-05,routine_visual,Competent Person (HV),satisfactory,"Oil level normal, no leaks, gauges and maximum pointers read and reset.","{""top_oil_max_pointer_c"": 65.8, ""oil_level"": ""normal""}"
INS-00189,GT-1,2025-07-06,routine_visual,Competent Person (HV),satisfactory,"Oil level normal, no leaks, gauges and maximum pointers read and reset.","{""top_oil_max_pointer_c"": 60.0, ""oil_level"": ""normal""}"
INS-00190,GT-2,2025-07-06,routine_visual,Competent Person (HV),satisfactory,"Oil level normal, no leaks, gauges and maximum pointers read and reset.","{""top_oil_max_pointer_c"": 63.6, ""oil_level"": ""normal""}"
INS-00191,T-105,2025-07-07,routine_visual,Competent Person (HV),satisfactory,"Oil level normal, no leaks, gauges and maximum pointers read and reset.","{""top_oil_max_pointer_c"": 63.2, ""oil_level"": ""normal""}"
INS-00192,BAT-RVL,2025-07-08,battery_check,Competent Person (HV),satisfactory,Float voltage within 123 to 125 V; all cells within limits.,"{""float_volts"": 124.3, ""lowest_cell_volts"": 2.215}"
INS-00193,G-112,2025-07-09,monthly_pressure_check,Competent Person (Pressure Systems),satisfactory,Outlet pressure steady at set point; slam-shut open and latched.,"{""inlet_bar"": 1.84, ""outlet_mbar"": 35.6, ""logger_max_outlet_mbar"": 36.5, ""logger_min_outlet_mbar"": 32.7}"
INS-00194,TX-BRK-01,2025-07-09,routine_visual,Competent Person (HV),satisfactory,"No damage, oil level normal, enclosure secure.",{}
INS-00195,BAT-KGM,2025-07-10,battery_check,Competent Person (HV),satisfactory,Float voltage within 123 to 125 V; all cells within limits.,"{""float_volts"": 123.4, ""lowest_cell_volts"": 2.241}"
INS-00196,CT-KGM-01,2025-07-10,shaft_head_visual,Competent Person (HV),satisfactory,"Shaft covers locked, fixed fan running, gas detector healthy at surface panel.","{""oxygen_pct"": 20.8, ""flammable_pct_lel"": 0.0}"
INS-00197,G-118,2025-07-10,monthly_pressure_check,Competent Person (Pressure Systems),satisfactory,Outlet pressure steady at set point; slam-shut open and latched.,"{""inlet_bar"": 1.81, ""outlet_mbar"": 29.9, ""logger_max_outlet_mbar"": 31.6, ""logger_min_outlet_mbar"": 25.1}"
INS-00198,SWG-RVL-33,2025-07-10,routine_visual,Competent Person (HV),satisfactory,"No discharge activity of concern, panels clean, interlocks and labels correct.","{""tev_max_db"": 5.4}"
INS-00199,SWG-KGM-11,2025-07-11,routine_visual,Competent Person (HV),defects_found,Partial discharge 29.5 dB TEV on panel 3; oil weep at a breaker tank seal.,"{""tev_max_db"": 29.5}"
INS-00200,TX-ORC-01,2025-07-11,routine_visual,Competent Person (HV),satisfactory,"No damage, oil level normal, enclosure secure.",{}
INS-00201,BAT-ASH,2025-07-12,battery_check,Competent Person (HV),satisfactory,Float voltage within 123 to 125 V; all cells within limits.,"{""float_volts"": 123.8, ""lowest_cell_volts"": 2.233}"
INS-00202,T-201,2025-07-12,routine_visual,Competent Person (HV),satisfactory,"Oil level normal, no leaks, gauges and maximum pointers read and reset.","{""top_oil_max_pointer_c"": 70.1, ""oil_level"": ""normal""}"
INS-00203,GT-1,2025-07-20,oil_sample_dga,Competent Person (HV),satisfactory,All dissolved gases below caution thresholds.,"{""hydrogen"": 16.2, ""methane"": 13.2, ""ethane"": 4.8, ""ethylene"": 6.4, ""carbon_monoxide"": 316, ""carbon_dioxide"": 1992, ""acetylene"": 0.0}"
INS-00204,GT-2,2025-07-20,oil_sample_dga,Competent Person (HV),satisfactory,All dissolved gases below caution thresholds.,"{""hydrogen"": 22.0, ""methane"": 9.5, ""ethane"": 5.4, ""ethylene"": 10.5, ""carbon_monoxide"": 293, ""carbon_dioxide"": 1789, ""acetylene"": 0.0}"
INS-00205,T-104,2025-07-20,oil_sample_dga,Competent Person (HV),satisfactory,"Acetylene detected at 0.6 ppm, below caution. Reported to Senior Authorised Person (HV) as first appearance or continued presence.","{""hydrogen"": 21.5, ""methane"": 16.6, ""ethane"": 8.0, ""ethylene"": 13.2, ""carbon_monoxide"": 236, ""carbon_dioxide"": 2609, ""acetylene"": 0.6}"
INS-00206,T-105,2025-07-20,oil_sample_dga,Competent Person (HV),satisfactory,All dissolved gases below caution thresholds.,"{""hydrogen"": 18.3, ""methane"": 8.4, ""ethane"": 11.6, ""ethylene"": 4.0, ""carbon_monoxide"": 182, ""carbon_dioxide"": 1701, ""acetylene"": 0.0}"
INS-00207,T-201,2025-07-20,oil_sample_dga,Competent Person (HV),satisfactory,All dissolved gases below caution thresholds.,"{""hydrogen"": 13.0, ""methane"": 9.7, ""ethane"": 8.1, ""ethylene"": 3.2, ""carbon_monoxide"": 263, ""carbon_dioxide"": 2777, ""acetylene"": 0.0}"
INS-00208,T-202,2025-07-20,oil_sample_dga,Competent Person (HV),satisfactory,All dissolved gases below caution thresholds.,"{""hydrogen"": 18.1, ""methane"": 15.9, ""ethane"": 6.3, ""ethylene"": 8.2, ""carbon_monoxide"": 275, ""carbon_dioxide"": 2207, ""acetylene"": 0.0}"
INS-00209,PRS-HRW-01,2025-08-03,monthly_station_check,Competent Person (Pressure Systems),satisfactory,Duty stream holding 1.60 bar; filter and odorant within limits.,"{""inlet_bar"": 6.59, ""outlet_bar"": 1.58, ""odorant_mg_m3"": 7.6, ""filter_dp_mbar"": 121}"
INS-00210,T-104,2025-08-03,routine_visual,Competent Person (HV),satisfactory,"Oil level normal, no leaks, gauges and maximum pointers read and reset.","{""top_oil_max_pointer_c"": 64.1, ""oil_level"": ""normal""}"
INS-00211,G-124,2025-08-04,monthly_pressure_check,Competent Person (Pressure Systems),satisfactory,Outlet pressure steady at set point; slam-shut open and latched.,"{""inlet_bar"": 1.92, ""outlet_mbar"": 40.5, ""logger_max_outlet_mbar"": 41.7, ""logger_min_outlet_mbar"": 37.2}"
INS-00212,T-202,2025-08-05,routine_visual,Competent Person (HV),satisfactory,"Oil level normal, no leaks, gauges and maximum pointers read and reset.","{""top_oil_max_pointer_c"": 64.2, ""oil_level"": ""normal""}"
INS-00213,GT-1,2025-08-06,routine_visual,Competent Person (HV),satisfactory,"Oil level normal, no leaks, gauges and maximum pointers read and reset.","{""top_oil_max_pointer_c"": 62.9, ""oil_level"": ""normal""}"
INS-00214,GT-2,2025-08-06,routine_visual,Competent Person (HV),satisfactory,"Oil level normal, no leaks, gauges and maximum pointers read and reset.","{""top_oil_max_pointer_c"": 66.3, ""oil_level"": ""normal""}"
INS-00215,T-105,2025-08-07,routine_visual,Competent Person (HV),satisfactory,"Oil level normal, no leaks, gauges and maximum pointers read and reset.","{""top_oil_max_pointer_c"": 64.8, ""oil_level"": ""normal""}"
INS-00216,BAT-RVL,2025-08-08,battery_check,Competent Person (HV),satisfactory,Float voltage within 123 to 125 V; all cells within limits.,"{""float_volts"": 124.2, ""lowest_cell_volts"": 2.216}"
INS-00217,G-112,2025-08-09,monthly_pressure_check,Competent Person (Pressure Systems),satisfactory,Outlet pressure steady at set point; slam-shut open and latched.,"{""inlet_bar"": 1.87, ""outlet_mbar"": 35.3, ""logger_max_outlet_mbar"": 36.8, ""logger_min_outlet_mbar"": 32.8}"
INS-00218,BAT-KGM,2025-08-10,battery_check,Competent Person (HV),satisfactory,Float voltage within 123 to 125 V; all cells within limits.,"{""float_volts"": 123.5, ""lowest_cell_volts"": 2.21}"
INS-00219,CT-KGM-01,2025-08-10,shaft_head_visual,Competent Person (HV),satisfactory,"Shaft covers locked, fixed fan running, gas detector healthy at surface panel.","{""oxygen_pct"": 20.7, ""flammable_pct_lel"": 0.0}"
INS-00220,G-118,2025-08-10,monthly_pressure_check,Competent Person (Pressure Systems),satisfactory,Outlet pressure steady at set point; slam-shut open and latched.,"{""inlet_bar"": 1.79, ""outlet_mbar"": 30.2, ""logger_max_outlet_mbar"": 32.1, ""logger_min_outlet_mbar"": 26.9}"
INS-00221,BAT-ASH,2025-08-12,battery_check,Competent Person (HV),satisfactory,Float voltage within 123 to 125 V; all cells within limits.,"{""float_volts"": 123.7, ""lowest_cell_volts"": 2.237}"
INS-00222,T-201,2025-08-12,routine_visual,Competent Person (HV),satisfactory,"Oil level normal, no leaks, gauges and maximum pointers read and reset.","{""top_oil_max_pointer_c"": 65.9, ""oil_level"": ""normal""}"
INS-00223,PRS-HRW-01,2025-09-03,monthly_station_check,Competent Person (Pressure Systems),satisfactory,Duty stream holding 1.60 bar; filter and odorant within limits.,"{""inlet_bar"": 6.78, ""outlet_bar"": 1.62, ""odorant_mg_m3"": 8.5, ""filter_dp_mbar"": 136}"
INS-00224,T-104,2025-09-03,routine_visual,Competent Person (HV),satisfactory,"Oil level normal, no leaks, gauges and maximum pointers read and reset.","{""top_oil_max_pointer_c"": 62.6, ""oil_level"": ""normal""}"
INS-00225,G-124,2025-09-04,monthly_pressure_check,Competent Person (Pressure Systems),satisfactory,Outlet pressure steady at set point; slam-shut open and latched.,"{""inlet_bar"": 1.9, ""outlet_mbar"": 40.2, ""logger_max_outlet_mbar"": 43.2, ""logger_min_outlet_mbar"": 35.1}"
INS-00226,T-202,2025-09-05,routine_visual,Competent Person (HV),satisfactory,"Oil level normal, no leaks, gauges and maximum pointers read and reset.","{""top_oil_max_pointer_c"": 58.2, ""oil_level"": ""normal""}"
INS-00227,GT-1,2025-09-06,routine_visual,Competent Person (HV),satisfactory,"Oil level normal, no leaks, gauges and maximum pointers read and reset.","{""top_oil_max_pointer_c"": 58.8, ""oil_level"": ""normal""}"
INS-00228,GT-2,2025-09-06,routine_visual,Competent Person (HV),satisfactory,"Oil level normal, no leaks, gauges and maximum pointers read and reset.","{""top_oil_max_pointer_c"": 64.4, ""oil_level"": ""normal""}"
INS-00229,T-105,2025-09-07,routine_visual,Competent Person (HV),satisfactory,"Oil level normal, no leaks, gauges and maximum pointers read and reset.","{""top_oil_max_pointer_c"": 59.6, ""oil_level"": ""normal""}"
INS-00230,BAT-RVL,2025-09-08,battery_check,Competent Person (HV),satisfactory,Float voltage within 123 to 125 V; all cells within limits.,"{""float_volts"": 123.3, ""lowest_cell_volts"": 2.221}"
INS-00231,G-112,2025-09-09,monthly_pressure_check,Competent Person (Pressure Systems),satisfactory,Outlet pressure steady at set point; slam-shut open and latched.,"{""inlet_bar"": 1.89, ""outlet_mbar"": 35.0, ""logger_max_outlet_mbar"": 38.1, ""logger_min_outlet_mbar"": 32.0}"
INS-00232,BAT-KGM,2025-09-10,battery_check,Competent Person (HV),satisfactory,Float voltage within 123 to 125 V; all cells within limits.,"{""float_volts"": 123.8, ""lowest_cell_volts"": 2.249}"
INS-00233,CT-KGM-01,2025-09-10,shaft_head_visual,Competent Person (HV),satisfactory,"Shaft covers locked, fixed fan running, gas detector healthy at surface panel.","{""oxygen_pct"": 20.8, ""flammable_pct_lel"": 0.0}"
INS-00234,G-118,2025-09-10,monthly_pressure_check,Competent Person (Pressure Systems),satisfactory,Outlet pressure steady at set point; slam-shut open and latched.,"{""inlet_bar"": 1.86, ""outlet_mbar"": 30.2, ""logger_max_outlet_mbar"": 33.3, ""logger_min_outlet_mbar"": 25.6}"
INS-00235,BAT-ASH,2025-09-12,battery_check,Competent Person (HV),satisfactory,Float voltage within 123 to 125 V; all cells within limits.,"{""float_volts"": 124.4, ""lowest_cell_volts"": 2.219}"
INS-00236,T-201,2025-09-12,routine_visual,Competent Person (HV),satisfactory,"Oil level normal, no leaks, gauges and maximum pointers read and reset.","{""top_oil_max_pointer_c"": 57.7, ""oil_level"": ""normal""}"
INS-00237,PRS-HRW-01,2025-10-03,monthly_station_check,Competent Person (Pressure Systems),satisfactory,Duty stream holding 1.60 bar; filter and odorant within limits.,"{""inlet_bar"": 6.88, ""outlet_bar"": 1.62, ""odorant_mg_m3"": 6.4, ""filter_dp_mbar"": 179}"
INS-00238,RMU-ORC-01,2025-10-03,routine_visual,Competent Person (HV),satisfactory,"No damage, oil level normal, enclosure secure.",{}
INS-00239,SSV-HRW-B,2025-10-03,function_test,Competent Person (Pressure Systems),satisfactory,Standby stream slam-shut tripped within 1.90 bar plus or minus 0.04 bar (PR-GAS-014).,"{""opso_trip_bar"": 1.92}"
INS-00240,T-104,2025-10-03,routine_visual,Competent Person (HV),satisfactory,"Oil level normal, no leaks, gauges and maximum pointers read and reset.","{""top_oil_max_pointer_c"": 58.7, ""oil_level"": ""normal""}"
INS-00241,G-124,2025-10-04,monthly_pressure_check,Competent Person (Pressure Systems),satisfactory,Outlet pressure steady at set point; slam-shut open and latched.,"{""inlet_bar"": 1.79, ""outlet_mbar"": 39.7, ""logger_max_outlet_mbar"": 41.6, ""logger_min_outlet_mbar"": 35.3}"
INS-00242,SWG-ASH-11,2025-10-04,routine_visual,Competent Person (HV),satisfactory,"No discharge activity of concern, panels clean, interlocks and labels correct.","{""tev_max_db"": 8.5}"
INS-00243,RMU-BRK-01,2025-10-05,routine_visual,Competent Person (HV),satisfactory,"No damage, oil level normal, enclosure secure.",{}
INS-00244,T-202,2025-10-05,routine_visual,Competent Person (HV),satisfactory,"Oil level normal, no leaks, gauges and maximum pointers read and reset.","{""top_oil_max_pointer_c"": 57.5, ""oil_level"": ""normal""}"
INS-00245,GT-1,2025-10-06,routine_visual,Competent Person (HV),satisfactory,"Oil level normal, no leaks, gauges and maximum pointers read and reset.","{""top_oil_max_pointer_c"": 55.6, ""oil_level"": ""normal""}"
INS-00246,GT-2,2025-10-06,routine_visual,Competent Person (HV),satisfactory,"Oil level normal, no leaks, gauges and maximum pointers read and reset.","{""top_oil_max_pointer_c"": 54.1, ""oil_level"": ""normal""}"
INS-00247,T-105,2025-10-07,routine_visual,Competent Person (HV),satisfactory,"Oil level normal, no leaks, gauges and maximum pointers read and reset.","{""top_oil_max_pointer_c"": 57.7, ""oil_level"": ""normal""}"
INS-00248,BAT-RVL,2025-10-08,battery_check,Competent Person (HV),satisfactory,Float voltage within 123 to 125 V; all cells within limits.,"{""float_volts"": 124.0, ""lowest_cell_volts"": 2.238}"
INS-00249,SSV-118,2025-10-08,function_test,Competent Person (Pressure Systems),satisfactory,Both trips within tolerance (PR-GAS-014). Valve reset and latched.,"{""opso_trip_mbar"": 54.8, ""upso_trip_mbar"": 11.8}"
INS-00250,SSV-HRW-A,2025-10-08,function_test,Competent Person (Pressure Systems),satisfactory,Standby stream slam-shut tripped within 1.90 bar plus or minus 0.04 bar (PR-GAS-014).,"{""opso_trip_bar"": 1.88}"
INS-00251,G-112,2025-10-09,monthly_pressure_check,Competent Person (Pressure Systems),satisfactory,Outlet pressure steady at set point; slam-shut open and latched.,"{""inlet_bar"": 1.84, ""outlet_mbar"": 34.4, ""logger_max_outlet_mbar"": 37.5, ""logger_min_outlet_mbar"": 30.7}"
INS-00252,TX-BRK-01,2025-10-09,routine_visual,Competent Person (HV),satisfactory,"No damage, oil level normal, enclosure secure.",{}
INS-00253,BAT-KGM,2025-10-10,battery_check,Competent Person (HV),satisfactory,Float voltage within 123 to 125 V; all cells within limits.,"{""float_volts"": 124.2, ""lowest_cell_volts"": 2.241}"
INS-00254,CT-KGM-01,2025-10-10,shaft_head_visual,Competent Person (HV),satisfactory,"Shaft covers locked, fixed fan running, gas detector healthy at surface panel.","{""oxygen_pct"": 20.8, ""flammable_pct_lel"": 0.0}"
INS-00255,G-118,2025-10-10,monthly_pressure_check,Competent Person (Pressure Systems),satisfactory,Outlet pressure steady at set point; slam-shut open and latched.,"{""inlet_bar"": 1.91, ""outlet_mbar"": 30.4, ""logger_max_outlet_mbar"": 32.8, ""logger_min_outlet_mbar"": 27.4}"
INS-00256,SSV-112,2025-10-10,function_test,Competent Person (Pressure Systems),satisfactory,Both trips within tolerance (PR-GAS-014). Valve reset and latched.,"{""opso_trip_mbar"": 60.1, ""upso_trip_mbar"": 12.9}"
INS-00257,SWG-RVL-33,2025-10-10,routine_visual,Competent Person (HV),satisfactory,"No discharge activity of concern, panels clean, interlocks and labels correct.","{""tev_max_db"": 6.2}"
INS-00258,SWG-KGM-11,2025-10-11,routine_visual,Competent Person (HV),satisfactory,"No discharge activity of concern, panels clean, interlocks and labels correct.","{""tev_max_db"": 20.5}"
INS-00259,TX-ORC-01,2025-10-11,routine_visual,Competent Person (HV),satisfactory,"No damage, oil level normal, enclosure secure.",{}
INS-00260,BAT-ASH,2025-10-12,battery_check,Competent Person (HV),satisfactory,Float voltage within 123 to 125 V; all cells within limits.,"{""float_volts"": 123.4, ""lowest_cell_volts"": 2.216}"
INS-00261,SSV-124,2025-10-12,function_test,Competent Person (Pressure Systems),satisfactory,Both trips within tolerance (PR-GAS-014). Valve reset and latched.,"{""opso_trip_mbar"": 61.8, ""upso_trip_mbar"": 13.0}"
INS-00262,T-201,2025-10-12,routine_visual,Competent Person (HV),satisfactory,"Oil level normal, no leaks, gauges and maximum pointers read and reset.","{""top_oil_max_pointer_c"": 53.9, ""oil_level"": ""normal""}"
INS-00263,GT-1,2025-10-20,oil_sample_dga,Competent Person (HV),satisfactory,All dissolved gases below caution thresholds.,"{""hydrogen"": 16.2, ""methane"": 20.2, ""ethane"": 6.3, ""ethylene"": 5.9, ""carbon_monoxide"": 274, ""carbon_dioxide"": 2324, ""acetylene"": 0.0}"
INS-00264,GT-2,2025-10-20,oil_sample_dga,Competent Person (HV),satisfactory,All dissolved gases below caution thresholds.,"{""hydrogen"": 17.6, ""methane"": 13.8, ""ethane"": 5.4, ""ethylene"": 9.5, ""carbon_monoxide"": 195, ""carbon_dioxide"": 1878, ""acetylene"": 0.0}"
INS-00265,T-104,2025-10-20,oil_sample_dga,Competent Person (HV),satisfactory,"Acetylene detected at 0.9 ppm, below caution. Reported to Senior Authorised Person (HV) as first appearance or continued presence.","{""hydrogen"": 33.8, ""methane"": 17.3, ""ethane"": 12.7, ""ethylene"": 10.6, ""carbon_monoxide"": 309, ""carbon_dioxide"": 2001, ""acetylene"": 0.9}"
INS-00266,T-105,2025-10-20,oil_sample_dga,Competent Person (HV),satisfactory,All dissolved gases below caution thresholds.,"{""hydrogen"": 14.6, ""methane"": 10.8, ""ethane"": 4.3, ""ethylene"": 4.5, ""carbon_monoxide"": 236, ""carbon_dioxide"": 1746, ""acetylene"": 0.0}"
INS-00267,T-201,2025-10-20,oil_sample_dga,Competent Person (HV),satisfactory,All dissolved gases below caution thresholds.,"{""hydrogen"": 28.8, ""methane"": 13.2, ""ethane"": 14.7, ""ethylene"": 11.5, ""carbon_monoxide"": 232, ""carbon_dioxide"": 2814, ""acetylene"": 0.0}"
INS-00268,T-202,2025-10-20,oil_sample_dga,Competent Person (HV),satisfactory,All dissolved gases below caution thresholds.,"{""hydrogen"": 21.0, ""methane"": 12.1, ""ethane"": 9.3, ""ethylene"": 8.5, ""carbon_monoxide"": 302, ""carbon_dioxide"": 2293, ""acetylene"": 0.0}"
INS-00269,MAIN-MP-03,2025-10-23,leakage_survey,Competent Person (Pressure Systems),satisfactory,No gas indications along the route.,"{""indications_found"": 0}"
INS-00270,MAIN-IP-01,2025-10-24,leakage_survey,Competent Person (Pressure Systems),satisfactory,No gas indications along the route.,"{""indications_found"": 0}"
INS-00271,MAIN-LP-22,2025-10-25,leakage_survey,Competent Person (Pressure Systems),defects_found,2 gas indication(s) recorded along the route and reported for repair.,"{""indications_found"": 2}"
INS-00272,PRS-HRW-01,2025-11-03,monthly_station_check,Competent Person (Pressure Systems),satisfactory,Duty stream holding 1.60 bar; filter and odorant within limits.,"{""inlet_bar"": 6.62, ""outlet_bar"": 1.61, ""odorant_mg_m3"": 7.3, ""filter_dp_mbar"": 110}"
INS-00273,T-104,2025-11-03,routine_visual,Competent Person (HV),satisfactory,"Oil level normal, no leaks, gauges and maximum pointers read and reset.","{""top_oil_max_pointer_c"": 55.7, ""oil_level"": ""normal""}"
INS-00274,G-124,2025-11-04,monthly_pressure_check,Competent Person (Pressure Systems),satisfactory,Outlet pressure steady at set point; slam-shut open and latched.,"{""inlet_bar"": 1.82, ""outlet_mbar"": 40.3, ""logger_max_outlet_mbar"": 43.1, ""logger_min_outlet_mbar"": 36.0}"
INS-00275,T-202,2025-11-05,routine_visual,Competent Person (HV),satisfactory,"Oil level normal, no leaks, gauges and maximum pointers read and reset.","{""top_oil_max_pointer_c"": 55.9, ""oil_level"": ""normal""}"
INS-00276,GT-1,2025-11-06,routine_visual,Competent Person (HV),satisfactory,"Oil level normal, no leaks, gauges and maximum pointers read and reset.","{""top_oil_max_pointer_c"": 51.7, ""oil_level"": ""normal""}"
INS-00277,GT-2,2025-11-06,routine_visual,Competent Person (HV),satisfactory,"Oil level normal, no leaks, gauges and maximum pointers read and reset.","{""top_oil_max_pointer_c"": 51.3, ""oil_level"": ""normal""}"
INS-00278,T-105,2025-11-07,routine_visual,Competent Person (HV),satisfactory,"Oil level normal, no leaks, gauges and maximum pointers read and reset.","{""top_oil_max_pointer_c"": 55.4, ""oil_level"": ""normal""}"
INS-00279,BAT-RVL,2025-11-08,battery_check,Competent Person (HV),satisfactory,Float voltage within 123 to 125 V; all cells within limits.,"{""float_volts"": 124.4, ""lowest_cell_volts"": 2.218}"
INS-00280,G-112,2025-11-09,monthly_pressure_check,Competent Person (Pressure Systems),satisfactory,Outlet pressure steady at set point; slam-shut open and latched.,"{""inlet_bar"": 1.87, ""outlet_mbar"": 35.0, ""logger_max_outlet_mbar"": 37.6, ""logger_min_outlet_mbar"": 30.9}"
INS-00281,BAT-KGM,2025-11-10,battery_check,Competent Person (HV),satisfactory,Float voltage within 123 to 125 V; all cells within limits.,"{""float_volts"": 124.3, ""lowest_cell_volts"": 2.222}"
INS-00282,CT-KGM-01,2025-11-10,shaft_head_visual,Competent Person (HV),satisfactory,"Shaft covers locked, fixed fan running, gas detector healthy at surface panel.","{""oxygen_pct"": 20.8, ""flammable_pct_lel"": 0.0}"
INS-00283,G-118,2025-11-10,monthly_pressure_check,Competent Person (Pressure Systems),satisfactory,Outlet pressure steady at set point; slam-shut open and latched.,"{""inlet_bar"": 1.82, ""outlet_mbar"": 30.5, ""logger_max_outlet_mbar"": 33.1, ""logger_min_outlet_mbar"": 25.5}"
INS-00284,BAT-ASH,2025-11-12,battery_check,Competent Person (HV),satisfactory,Float voltage within 123 to 125 V; all cells within limits.,"{""float_volts"": 124.3, ""lowest_cell_volts"": 2.223}"
INS-00285,T-201,2025-11-12,routine_visual,Competent Person (HV),satisfactory,"Oil level normal, no leaks, gauges and maximum pointers read and reset.","{""top_oil_max_pointer_c"": 53.6, ""oil_level"": ""normal""}"
INS-00286,PRS-HRW-01,2025-12-03,monthly_station_check,Competent Person (Pressure Systems),satisfactory,Duty stream holding 1.60 bar; filter and odorant within limits.,"{""inlet_bar"": 6.44, ""outlet_bar"": 1.6, ""odorant_mg_m3"": 6.5, ""filter_dp_mbar"": 130}"
INS-00287,T-104,2025-12-03,routine_visual,Competent Person (HV),satisfactory,"Oil level normal, no leaks, gauges and maximum pointers read and reset.","{""top_oil_max_pointer_c"": 53.4, ""oil_level"": ""normal""}"
INS-00288,G-124,2025-12-04,monthly_pressure_check,Competent Person (Pressure Systems),satisfactory,Outlet pressure steady at set point; slam-shut open and latched.,"{""inlet_bar"": 1.84, ""outlet_mbar"": 39.8, ""logger_max_outlet_mbar"": 42.1, ""logger_min_outlet_mbar"": 36.9}"
INS-00289,T-202,2025-12-05,routine_visual,Competent Person (HV),satisfactory,"Oil level normal, no leaks, gauges and maximum pointers read and reset.","{""top_oil_max_pointer_c"": 49.0, ""oil_level"": ""normal""}"
INS-00290,GT-1,2025-12-06,routine_visual,Competent Person (HV),satisfactory,"Oil level normal, no leaks, gauges and maximum pointers read and reset.","{""top_oil_max_pointer_c"": 48.2, ""oil_level"": ""normal""}"
INS-00291,GT-2,2025-12-06,routine_visual,Competent Person (HV),satisfactory,"Oil level normal, no leaks, gauges and maximum pointers read and reset.","{""top_oil_max_pointer_c"": 51.9, ""oil_level"": ""normal""}"
INS-00292,T-105,2025-12-07,routine_visual,Competent Person (HV),satisfactory,"Oil level normal, no leaks, gauges and maximum pointers read and reset.","{""top_oil_max_pointer_c"": 52.7, ""oil_level"": ""normal""}"
INS-00293,BAT-RVL,2025-12-08,battery_check,Competent Person (HV),satisfactory,Float voltage within 123 to 125 V; all cells within limits.,"{""float_volts"": 124.0, ""lowest_cell_volts"": 2.2}"
INS-00294,G-112,2025-12-09,monthly_pressure_check,Competent Person (Pressure Systems),satisfactory,Outlet pressure steady at set point; slam-shut open and latched.,"{""inlet_bar"": 1.79, ""outlet_mbar"": 35.5, ""logger_max_outlet_mbar"": 37.4, ""logger_min_outlet_mbar"": 31.6}"
INS-00295,BAT-KGM,2025-12-10,battery_check,Competent Person (HV),satisfactory,Float voltage within 123 to 125 V; all cells within limits.,"{""float_volts"": 124.0, ""lowest_cell_volts"": 2.22}"
INS-00296,CT-KGM-01,2025-12-10,shaft_head_visual,Competent Person (HV),satisfactory,"Shaft covers locked, fixed fan running, gas detector healthy at surface panel.","{""oxygen_pct"": 20.9, ""flammable_pct_lel"": 0.0}"
INS-00297,G-118,2025-12-10,monthly_pressure_check,Competent Person (Pressure Systems),satisfactory,Outlet pressure steady at set point; slam-shut open and latched.,"{""inlet_bar"": 1.79, ""outlet_mbar"": 30.0, ""logger_max_outlet_mbar"": 33.3, ""logger_min_outlet_mbar"": 25.8}"
INS-00298,BAT-ASH,2025-12-12,battery_check,Competent Person (HV),satisfactory,Float voltage within 123 to 125 V; all cells within limits.,"{""float_volts"": 124.1, ""lowest_cell_volts"": 2.215}"
INS-00299,T-201,2025-12-12,routine_visual,Competent Person (HV),satisfactory,"Oil level normal, no leaks, gauges and maximum pointers read and reset.","{""top_oil_max_pointer_c"": 46.6, ""oil_level"": ""normal""}"
INS-00300,PRS-HRW-01,2026-01-03,monthly_station_check,Competent Person (Pressure Systems),satisfactory,Duty stream holding 1.60 bar; filter and odorant within limits.,"{""inlet_bar"": 6.37, ""outlet_bar"": 1.6, ""odorant_mg_m3"": 7.9, ""filter_dp_mbar"": 194}"
INS-00301,RMU-ORC-01,2026-01-03,routine_visual,Competent Person (HV),satisfactory,"No damage, oil level normal, enclosure secure.",{}
INS-00302,T-104,2026-01-03,routine_visual,Competent Person (HV),satisfactory,"Oil level normal, no leaks, gauges and maximum pointers read and reset.","{""top_oil_max_pointer_c"": 53.1, ""oil_level"": ""normal""}"
INS-00303,G-124,2026-01-04,monthly_pressure_check,Competent Person (Pressure Systems),satisfactory,Outlet pressure steady at set point; slam-shut open and latched.,"{""inlet_bar"": 1.91, ""outlet_mbar"": 40.0, ""logger_max_outlet_mbar"": 42.7, ""logger_min_outlet_mbar"": 35.0}"
INS-00304,SWG-ASH-11,2026-01-04,routine_visual,Competent Person (HV),satisfactory,"No discharge activity of concern, panels clean, interlocks and labels correct.","{""tev_max_db"": 8.6}"
INS-00305,RMU-BRK-01,2026-01-05,routine_visual,Competent Person (HV),satisfactory,"No damage, oil level normal, enclosure secure.",{}
INS-00306,T-202,2026-01-05,routine_visual,Competent Person (HV),satisfactory,"Oil level normal, no leaks, gauges and maximum pointers read and reset.","{""top_oil_max_pointer_c"": 44.1, ""oil_level"": ""normal""}"
INS-00307,GT-1,2026-01-06,routine_visual,Competent Person (HV),satisfactory,"Oil level normal, no leaks, gauges and maximum pointers read and reset.","{""top_oil_max_pointer_c"": 46.5, ""oil_level"": ""normal""}"
INS-00308,GT-2,2026-01-06,routine_visual,Competent Person (HV),satisfactory,"Oil level normal, no leaks, gauges and maximum pointers read and reset.","{""top_oil_max_pointer_c"": 44.3, ""oil_level"": ""normal""}"
INS-00309,T-105,2026-01-07,routine_visual,Competent Person (HV),satisfactory,"Oil level normal, no leaks, gauges and maximum pointers read and reset.","{""top_oil_max_pointer_c"": 45.5, ""oil_level"": ""normal""}"
INS-00310,BAT-RVL,2026-01-08,battery_check,Competent Person (HV),satisfactory,Float voltage within 123 to 125 V; all cells within limits.,"{""float_volts"": 124.1, ""lowest_cell_volts"": 2.222}"
INS-00311,G-112,2026-01-09,monthly_pressure_check,Competent Person (Pressure Systems),defects_found,"Logger maximum outlet 43.7 mbar, more than 5 mbar above the 35 mbar set point (PR-GAS-058 6.4.3). Overnight creep suspected.","{""inlet_bar"": 1.82, ""outlet_mbar"": 34.7, ""logger_max_outlet_mbar"": 43.7, ""logger_min_outlet_mbar"": 31.6}"
INS-00312,TX-BRK-01,2026-01-09,routine_visual,Competent Person (HV),satisfactory,"No damage, oil level normal, enclosure secure.",{}
INS-00313,BAT-KGM,2026-01-10,battery_check,Competent Person (HV),satisfactory,Float voltage within 123 to 125 V; all cells within limits.,"{""float_volts"": 124.5, ""lowest_cell_volts"": 2.218}"
INS-00314,CT-KGM-01,2026-01-10,shaft_head_visual,Competent Person (HV),satisfactory,"Shaft covers locked, fixed fan running, gas detector healthy at surface panel.","{""oxygen_pct"": 20.7, ""flammable_pct_lel"": 0.0}"
INS-00315,G-118,2026-01-10,monthly_pressure_check,Competent Person (Pressure Systems),satisfactory,Outlet pressure steady at set point; slam-shut open and latched.,"{""inlet_bar"": 1.79, ""outlet_mbar"": 30.1, ""logger_max_outlet_mbar"": 31.8, ""logger_min_outlet_mbar"": 27.8}"
INS-00316,SWG-RVL-33,2026-01-10,routine_visual,Competent Person (HV),satisfactory,"No discharge activity of concern, panels clean, interlocks and labels correct.","{""tev_max_db"": 3.5}"
INS-00317,SWG-KGM-11,2026-01-11,routine_visual,Competent Person (HV),satisfactory,"No discharge activity of concern, panels clean, interlocks and labels correct.","{""tev_max_db"": 23.5}"
INS-00318,TX-ORC-01,2026-01-11,routine_visual,Competent Person (HV),satisfactory,"No damage, oil level normal, enclosure secure.",{}
INS-00319,BAT-ASH,2026-01-12,battery_check,Competent Person (HV),satisfactory,Float voltage within 123 to 125 V; all cells within limits.,"{""float_volts"": 124.4, ""lowest_cell_volts"": 2.227}"
INS-00320,T-201,2026-01-12,routine_visual,Competent Person (HV),satisfactory,"Oil level normal, no leaks, gauges and maximum pointers read and reset.","{""top_oil_max_pointer_c"": 46.7, ""oil_level"": ""normal""}"
INS-00321,GT-1,2026-01-20,oil_sample_dga,Competent Person (HV),satisfactory,All dissolved gases below caution thresholds.,"{""hydrogen"": 20.8, ""methane"": 17.8, ""ethane"": 5.5, ""ethylene"": 9.6, ""carbon_monoxide"": 260, ""carbon_dioxide"": 1827, ""acetylene"": 0.0}"
INS-00322,GT-2,2026-01-20,oil_sample_dga,Competent Person (HV),satisfactory,All dissolved gases below caution thresholds.,"{""hydrogen"": 15.8, ""methane"": 16.4, ""ethane"": 5.0, ""ethylene"": 3.3, ""carbon_monoxide"": 228, ""carbon_dioxide"": 1967, ""acetylene"": 0.0}"
INS-00323,T-104,2026-01-20,oil_sample_dga,Competent Person (HV),satisfactory,"Acetylene detected at 1.4 ppm, below caution. Reported to Senior Authorised Person (HV) as first appearance or continued presence.","{""hydrogen"": 39.8, ""methane"": 13.8, ""ethane"": 6.1, ""ethylene"": 6.9, ""carbon_monoxide"": 310, ""carbon_dioxide"": 2523, ""acetylene"": 1.4}"
INS-00324,T-105,2026-01-20,oil_sample_dga,Competent Person (HV),satisfactory,All dissolved gases below caution thresholds.,"{""hydrogen"": 26.4, ""methane"": 19.2, ""ethane"": 9.8, ""ethylene"": 6.5, ""carbon_monoxide"": 280, ""carbon_dioxide"": 1955, ""acetylene"": 0.0}"
INS-00325,T-201,2026-01-20,oil_sample_dga,Competent Person (HV),satisfactory,All dissolved gases below caution thresholds.,"{""hydrogen"": 26.0, ""methane"": 21.8, ""ethane"": 12.9, ""ethylene"": 3.1, ""carbon_monoxide"": 294, ""carbon_dioxide"": 1813, ""acetylene"": 0.0}"
INS-00326,T-202,2026-01-20,oil_sample_dga,Competent Person (HV),satisfactory,All dissolved gases below caution thresholds.,"{""hydrogen"": 17.2, ""methane"": 14.3, ""ethane"": 11.5, ""ethylene"": 11.8, ""carbon_monoxide"": 296, ""carbon_dioxide"": 2620, ""acetylene"": 0.0}"
INS-00327,PRS-HRW-01,2026-02-03,monthly_station_check,Competent Person (Pressure Systems),satisfactory,Duty stream holding 1.60 bar; filter and odorant within limits.,"{""inlet_bar"": 6.58, ""outlet_bar"": 1.61, ""odorant_mg_m3"": 6.0, ""filter_dp_mbar"": 161}"
INS-00328,T-104,2026-02-03,routine_visual,Competent Person (HV),satisfactory,"Oil level normal, no leaks, gauges and maximum pointers read and reset.","{""top_oil_max_pointer_c"": 51.7, ""oil_level"": ""normal""}"
INS-00329,G-124,2026-02-04,monthly_pressure_check,Competent Person (Pressure Systems),satisfactory,Outlet pressure steady at set point; slam-shut open and latched.,"{""inlet_bar"": 1.88, ""outlet_mbar"": 40.0, ""logger_max_outlet_mbar"": 42.9, ""logger_min_outlet_mbar"": 37.0}"
INS-00330,T-202,2026-02-05,routine_visual,Competent Person (HV),satisfactory,"Oil level normal, no leaks, gauges and maximum pointers read and reset.","{""top_oil_max_pointer_c"": 43.4, ""oil_level"": ""normal""}"
INS-00331,GT-1,2026-02-06,routine_visual,Competent Person (HV),satisfactory,"Oil level normal, no leaks, gauges and maximum pointers read and reset.","{""top_oil_max_pointer_c"": 45.1, ""oil_level"": ""normal""}"
INS-00332,GT-2,2026-02-06,routine_visual,Competent Person (HV),satisfactory,"Oil level normal, no leaks, gauges and maximum pointers read and reset.","{""top_oil_max_pointer_c"": 46.4, ""oil_level"": ""normal""}"
INS-00333,T-105,2026-02-07,routine_visual,Competent Person (HV),satisfactory,"Oil level normal, no leaks, gauges and maximum pointers read and reset.","{""top_oil_max_pointer_c"": 50.6, ""oil_level"": ""normal""}"
INS-00334,BAT-RVL,2026-02-08,battery_check,Competent Person (HV),satisfactory,Float voltage within 123 to 125 V; all cells within limits.,"{""float_volts"": 124.1, ""lowest_cell_volts"": 2.209}"
INS-00335,G-112,2026-02-09,monthly_pressure_check,Competent Person (Pressure Systems),defects_found,"Logger maximum outlet 46.2 mbar, more than 5 mbar above the 35 mbar set point (PR-GAS-058 6.4.3). Overnight creep suspected.","{""inlet_bar"": 1.79, ""outlet_mbar"": 35.3, ""logger_max_outlet_mbar"": 46.2, ""logger_min_outlet_mbar"": 30.4}"
INS-00336,BAT-KGM,2026-02-10,battery_check,Competent Person (HV),satisfactory,Float voltage within 123 to 125 V; all cells within limits.,"{""float_volts"": 124.7, ""lowest_cell_volts"": 2.231}"
INS-00337,CT-KGM-01,2026-02-10,shaft_head_visual,Competent Person (HV),satisfactory,"Shaft covers locked, fixed fan running, gas detector healthy at surface panel.","{""oxygen_pct"": 20.9, ""flammable_pct_lel"": 0.0}"
INS-00338,G-118,2026-02-10,monthly_pressure_check,Competent Person (Pressure Systems),satisfactory,Outlet pressure steady at set point; slam-shut open and latched.,"{""inlet_bar"": 1.87, ""outlet_mbar"": 30.1, ""logger_max_outlet_mbar"": 32.8, ""logger_min_outlet_mbar"": 26.1}"
INS-00339,BAT-ASH,2026-02-12,battery_check,Competent Person (HV),satisfactory,Float voltage within 123 to 125 V; all cells within limits.,"{""float_volts"": 124.4, ""lowest_cell_volts"": 2.252}"
INS-00340,T-201,2026-02-12,routine_visual,Competent Person (HV),satisfactory,"Oil level normal, no leaks, gauges and maximum pointers read and reset.","{""top_oil_max_pointer_c"": 46.5, ""oil_level"": ""normal""}"
INS-00341,PRS-HRW-01,2026-03-03,monthly_station_check,Competent Person (Pressure Systems),satisfactory,Duty stream holding 1.60 bar; filter and odorant within limits.,"{""inlet_bar"": 6.71, ""outlet_bar"": 1.59, ""odorant_mg_m3"": 7.4, ""filter_dp_mbar"": 173}"
INS-00342,T-104,2026-03-03,routine_visual,Competent Person (HV),satisfactory,"Oil level normal, no leaks, gauges and maximum pointers read and reset.","{""top_oil_max_pointer_c"": 56.2, ""oil_level"": ""normal""}"
INS-00343,G-124,2026-03-04,monthly_pressure_check,Competent Person (Pressure Systems),satisfactory,Outlet pressure steady at set point; slam-shut open and latched.,"{""inlet_bar"": 1.9, ""outlet_mbar"": 39.7, ""logger_max_outlet_mbar"": 42.3, ""logger_min_outlet_mbar"": 37.3}"
INS-00344,T-202,2026-03-05,routine_visual,Competent Person (HV),satisfactory,"Oil level normal, no leaks, gauges and maximum pointers read and reset.","{""top_oil_max_pointer_c"": 50.2, ""oil_level"": ""normal""}"
INS-00345,GT-1,2026-03-06,routine_visual,Competent Person (HV),satisfactory,"Oil level normal, no leaks, gauges and maximum pointers read and reset.","{""top_oil_max_pointer_c"": 50.2, ""oil_level"": ""normal""}"
INS-00346,GT-2,2026-03-06,routine_visual,Competent Person (HV),satisfactory,"Oil level normal, no leaks, gauges and maximum pointers read and reset.","{""top_oil_max_pointer_c"": 51.6, ""oil_level"": ""normal""}"
INS-00347,T-105,2026-03-07,routine_visual,Competent Person (HV),satisfactory,"Oil level normal, no leaks, gauges and maximum pointers read and reset.","{""top_oil_max_pointer_c"": 52.6, ""oil_level"": ""normal""}"
INS-00348,BAT-RVL,2026-03-08,battery_check,Competent Person (HV),satisfactory,Float voltage within 123 to 125 V; all cells within limits.,"{""float_volts"": 123.9, ""lowest_cell_volts"": 2.25}"
INS-00349,G-112,2026-03-09,monthly_pressure_check,Competent Person (Pressure Systems),defects_found,"Logger maximum outlet 47.6 mbar, more than 5 mbar above the 35 mbar set point (PR-GAS-058 6.4.3). Overnight creep suspected.","{""inlet_bar"": 1.92, ""outlet_mbar"": 35.3, ""logger_max_outlet_mbar"": 47.6, ""logger_min_outlet_mbar"": 31.0}"
INS-00350,BAT-KGM,2026-03-10,battery_check,Competent Person (HV),satisfactory,Float voltage within 123 to 125 V; all cells within limits.,"{""float_volts"": 124.1, ""lowest_cell_volts"": 2.26}"
INS-00351,CT-KGM-01,2026-03-10,shaft_head_visual,Competent Person (HV),satisfactory,"Shaft covers locked, fixed fan running, gas detector healthy at surface panel.","{""oxygen_pct"": 20.8, ""flammable_pct_lel"": 0.0}"
INS-00352,G-118,2026-03-10,monthly_pressure_check,Competent Person (Pressure Systems),satisfactory,Outlet pressure steady at set point; slam-shut open and latched.,"{""inlet_bar"": 1.88, ""outlet_mbar"": 30.2, ""logger_max_outlet_mbar"": 33.0, ""logger_min_outlet_mbar"": 25.2}"
INS-00353,BAT-ASH,2026-03-12,battery_check,Competent Person (HV),satisfactory,Float voltage within 123 to 125 V; all cells within limits.,"{""float_volts"": 124.2, ""lowest_cell_volts"": 2.239}"
INS-00354,T-201,2026-03-12,routine_visual,Competent Person (HV),satisfactory,"Oil level normal, no leaks, gauges and maximum pointers read and reset.","{""top_oil_max_pointer_c"": 50.2, ""oil_level"": ""normal""}"
INS-00355,PRS-HRW-01,2026-04-03,monthly_station_check,Competent Person (Pressure Systems),satisfactory,Duty stream holding 1.60 bar; filter and odorant within limits.,"{""inlet_bar"": 6.63, ""outlet_bar"": 1.61, ""odorant_mg_m3"": 8.6, ""filter_dp_mbar"": 201}"
INS-00356,RMU-ORC-01,2026-04-03,routine_visual,Competent Person (HV),satisfactory,"No damage, oil level normal, enclosure secure.",{}
INS-00357,SSV-HRW-B,2026-04-03,function_test,Competent Person (Pressure Systems),satisfactory,Standby stream slam-shut tripped within 1.90 bar plus or minus 0.04 bar (PR-GAS-014).,"{""opso_trip_bar"": 1.87}"
INS-00358,T-104,2026-04-03,routine_visual,Competent Person (HV),satisfactory,"Oil level normal, no leaks, gauges and maximum pointers read and reset.","{""top_oil_max_pointer_c"": 58.2, ""oil_level"": ""normal""}"
INS-00359,G-124,2026-04-04,monthly_pressure_check,Competent Person (Pressure Systems),satisfactory,Outlet pressure steady at set point; slam-shut open and latched.,"{""inlet_bar"": 1.88, ""outlet_mbar"": 40.3, ""logger_max_outlet_mbar"": 42.5, ""logger_min_outlet_mbar"": 36.5}"
INS-00360,SWG-ASH-11,2026-04-04,routine_visual,Competent Person (HV),satisfactory,"No discharge activity of concern, panels clean, interlocks and labels correct.","{""tev_max_db"": 2.8}"
INS-00361,RMU-BRK-01,2026-04-05,routine_visual,Competent Person (HV),satisfactory,"No damage, oil level normal, enclosure secure.",{}
INS-00362,T-202,2026-04-05,routine_visual,Competent Person (HV),satisfactory,"Oil level normal, no leaks, gauges and maximum pointers read and reset.","{""top_oil_max_pointer_c"": 53.2, ""oil_level"": ""normal""}"
INS-00363,GT-1,2026-04-06,routine_visual,Competent Person (HV),satisfactory,"Oil level normal, no leaks, gauges and maximum pointers read and reset.","{""top_oil_max_pointer_c"": 57.3, ""oil_level"": ""normal""}"
INS-00364,GT-2,2026-04-06,routine_visual,Competent Person (HV),satisfactory,"Oil level normal, no leaks, gauges and maximum pointers read and reset.","{""top_oil_max_pointer_c"": 53.5, ""oil_level"": ""normal""}"
INS-00365,T-105,2026-04-07,routine_visual,Competent Person (HV),satisfactory,"Oil level normal, no leaks, gauges and maximum pointers read and reset.","{""top_oil_max_pointer_c"": 54.7, ""oil_level"": ""normal""}"
INS-00366,BAT-RVL,2026-04-08,battery_check,Competent Person (HV),satisfactory,Float voltage within 123 to 125 V; all cells within limits.,"{""float_volts"": 124.0, ""lowest_cell_volts"": 2.236}"
INS-00367,SSV-HRW-A,2026-04-08,function_test,Competent Person (Pressure Systems),satisfactory,Standby stream slam-shut tripped within 1.90 bar plus or minus 0.04 bar (PR-GAS-014).,"{""opso_trip_bar"": 1.88}"
INS-00368,G-112,2026-04-09,monthly_pressure_check,Competent Person (Pressure Systems),satisfactory,Outlet pressure steady at set point; slam-shut open and latched.,"{""inlet_bar"": 1.84, ""outlet_mbar"": 34.4, ""logger_max_outlet_mbar"": 38.1, ""logger_min_outlet_mbar"": 31.7}"
INS-00369,TX-BRK-01,2026-04-09,routine_visual,Competent Person (HV),satisfactory,"No damage, oil level normal, enclosure secure.",{}
INS-00370,BAT-KGM,2026-04-10,battery_check,Competent Person (HV),satisfactory,Float voltage within 123 to 125 V; all cells within limits.,"{""float_volts"": 123.4, ""lowest_cell_volts"": 2.246}"
INS-00371,CT-KGM-01,2026-04-10,shaft_head_visual,Competent Person (HV),satisfactory,"Shaft covers locked, fixed fan running, gas detector healthy at surface panel.","{""oxygen_pct"": 20.8, ""flammable_pct_lel"": 0.0}"
INS-00372,G-118,2026-04-10,monthly_pressure_check,Competent Person (Pressure Systems),satisfactory,Outlet pressure steady at set point; slam-shut open and latched.,"{""inlet_bar"": 1.81, ""outlet_mbar"": 30.2, ""logger_max_outlet_mbar"": 32.7, ""logger_min_outlet_mbar"": 27.2}"
INS-00373,SWG-RVL-33,2026-04-10,routine_visual,Competent Person (HV),satisfactory,"No discharge activity of concern, panels clean, interlocks and labels correct.","{""tev_max_db"": 8.5}"
INS-00374,SWG-KGM-11,2026-04-11,routine_visual,Competent Person (HV),defects_found,Partial discharge 30.3 dB TEV on panel 3; oil weep at a breaker tank seal.,"{""tev_max_db"": 30.3}"
INS-00375,TX-ORC-01,2026-04-11,routine_visual,Competent Person (HV),satisfactory,"No damage, oil level normal, enclosure secure.",{}
INS-00376,BAT-ASH,2026-04-12,battery_check,Competent Person (HV),satisfactory,Float voltage within 123 to 125 V; all cells within limits.,"{""float_volts"": 123.4, ""lowest_cell_volts"": 2.21}"
INS-00377,T-201,2026-04-12,routine_visual,Competent Person (HV),satisfactory,"Oil level normal, no leaks, gauges and maximum pointers read and reset.","{""top_oil_max_pointer_c"": 51.4, ""oil_level"": ""normal""}"
INS-00378,GT-1,2026-04-20,oil_sample_dga,Competent Person (HV),satisfactory,All dissolved gases below caution thresholds.,"{""hydrogen"": 27.5, ""methane"": 12.5, ""ethane"": 9.6, ""ethylene"": 11.8, ""carbon_monoxide"": 201, ""carbon_dioxide"": 2836, ""acetylene"": 0.0}"
INS-00379,GT-2,2026-04-20,oil_sample_dga,Competent Person (HV),satisfactory,All dissolved gases below caution thresholds.,"{""hydrogen"": 20.4, ""methane"": 10.3, ""ethane"": 10.8, ""ethylene"": 7.4, ""carbon_monoxide"": 188, ""carbon_dioxide"": 1800, ""acetylene"": 0.0}"
INS-00380,T-104,2026-04-20,oil_sample_dga,Competent Person (HV),defects_found,"Acetylene 2.6 ppm, above the 2 ppm caution threshold (PR-ELEC-044). Increased sampling and trend review.","{""hydrogen"": 38.5, ""methane"": 13.3, ""ethane"": 13.5, ""ethylene"": 15.4, ""carbon_monoxide"": 221, ""carbon_dioxide"": 2754, ""acetylene"": 2.6}"
INS-00381,T-105,2026-04-20,oil_sample_dga,Competent Person (HV),satisfactory,All dissolved gases below caution thresholds.,"{""hydrogen"": 29.5, ""methane"": 14.2, ""ethane"": 9.8, ""ethylene"": 7.8, ""carbon_monoxide"": 223, ""carbon_dioxide"": 2499, ""acetylene"": 0.0}"
INS-00382,T-201,2026-04-20,oil_sample_dga,Competent Person (HV),satisfactory,All dissolved gases below caution thresholds.,"{""hydrogen"": 17.4, ""methane"": 16.3, ""ethane"": 5.0, ""ethylene"": 9.9, ""carbon_monoxide"": 315, ""carbon_dioxide"": 2835, ""acetylene"": 0.0}"
INS-00383,T-202,2026-04-20,oil_sample_dga,Competent Person (HV),satisfactory,All dissolved gases below caution thresholds.,"{""hydrogen"": 14.9, ""methane"": 11.1, ""ethane"": 11.1, ""ethylene"": 11.5, ""carbon_monoxide"": 193, ""carbon_dioxide"": 2757, ""acetylene"": 0.0}"
INS-00384,MAIN-LP-22,2026-04-25,leakage_survey,Competent Person (Pressure Systems),defects_found,2 gas indication(s) recorded along the route and reported for repair.,"{""indications_found"": 2}"
INS-00385,PRS-HRW-01,2026-05-03,monthly_station_check,Competent Person (Pressure Systems),satisfactory,Duty stream holding 1.60 bar; filter and odorant within limits.,"{""inlet_bar"": 6.31, ""outlet_bar"": 1.6, ""odorant_mg_m3"": 7.3, ""filter_dp_mbar"": 179}"
INS-00386,T-104,2026-05-03,routine_visual,Competent Person (HV),satisfactory,"Oil level normal, no leaks, gauges and maximum pointers read and reset.","{""top_oil_max_pointer_c"": 64.5, ""oil_level"": ""normal""}"
INS-00387,G-124,2026-05-04,monthly_pressure_check,Competent Person (Pressure Systems),satisfactory,Outlet pressure steady at set point; slam-shut open and latched.,"{""inlet_bar"": 1.91, ""outlet_mbar"": 40.1, ""logger_max_outlet_mbar"": 42.4, ""logger_min_outlet_mbar"": 35.5}"
INS-00388,T-202,2026-05-05,routine_visual,Competent Person (HV),satisfactory,"Oil level normal, no leaks, gauges and maximum pointers read and reset.","{""top_oil_max_pointer_c"": 59.6, ""oil_level"": ""normal""}"
INS-00389,GT-1,2026-05-06,routine_visual,Competent Person (HV),satisfactory,"Oil level normal, no leaks, gauges and maximum pointers read and reset.","{""top_oil_max_pointer_c"": 54.6, ""oil_level"": ""normal""}"
INS-00390,GT-2,2026-05-06,routine_visual,Competent Person (HV),satisfactory,"Oil level normal, no leaks, gauges and maximum pointers read and reset.","{""top_oil_max_pointer_c"": 53.9, ""oil_level"": ""normal""}"
INS-00391,T-105,2026-05-07,routine_visual,Competent Person (HV),satisfactory,"Oil level normal, no leaks, gauges and maximum pointers read and reset.","{""top_oil_max_pointer_c"": 58.9, ""oil_level"": ""normal""}"
INS-00392,BAT-RVL,2026-05-08,battery_check,Competent Person (HV),satisfactory,Float voltage within 123 to 125 V; all cells within limits.,"{""float_volts"": 123.9, ""lowest_cell_volts"": 2.245}"
INS-00393,G-112,2026-05-09,monthly_pressure_check,Competent Person (Pressure Systems),satisfactory,Outlet pressure steady at set point; slam-shut open and latched.,"{""inlet_bar"": 1.83, ""outlet_mbar"": 35.2, ""logger_max_outlet_mbar"": 38.0, ""logger_min_outlet_mbar"": 31.3}"
INS-00394,BAT-KGM,2026-05-10,battery_check,Competent Person (HV),satisfactory,Float voltage within 123 to 125 V; all cells within limits.,"{""float_volts"": 123.6, ""lowest_cell_volts"": 2.237}"
INS-00395,CT-KGM-01,2026-05-10,shaft_head_visual,Competent Person (HV),satisfactory,"Shaft covers locked, fixed fan running, gas detector healthy at surface panel.","{""oxygen_pct"": 20.8, ""flammable_pct_lel"": 0.0}"
INS-00396,G-118,2026-05-10,monthly_pressure_check,Competent Person (Pressure Systems),satisfactory,Outlet pressure steady at set point; slam-shut open and latched.,"{""inlet_bar"": 1.8, ""outlet_mbar"": 30.1, ""logger_max_outlet_mbar"": 32.2, ""logger_min_outlet_mbar"": 25.6}"
INS-00397,BAT-ASH,2026-05-12,battery_check,Competent Person (HV),satisfactory,Float voltage within 123 to 125 V; all cells within limits.,"{""float_volts"": 124.6, ""lowest_cell_volts"": 2.243}"
INS-00398,T-201,2026-05-12,routine_visual,Competent Person (HV),satisfactory,"Oil level normal, no leaks, gauges and maximum pointers read and reset.","{""top_oil_max_pointer_c"": 60.4, ""oil_level"": ""normal""}"
INS-00399,PRS-HRW-01,2026-06-03,monthly_station_check,Competent Person (Pressure Systems),satisfactory,Duty stream holding 1.60 bar; filter and odorant within limits.,"{""inlet_bar"": 6.56, ""outlet_bar"": 1.6, ""odorant_mg_m3"": 8.4, ""filter_dp_mbar"": 150}"
INS-00400,T-104,2026-06-03,routine_visual,Competent Person (HV),satisfactory,"Oil level normal, no leaks, gauges and maximum pointers read and reset.","{""top_oil_max_pointer_c"": 62.9, ""oil_level"": ""normal""}"
INS-00401,G-124,2026-06-04,monthly_pressure_check,Competent Person (Pressure Systems),satisfactory,Outlet pressure steady at set point; slam-shut open and latched.,"{""inlet_bar"": 1.83, ""outlet_mbar"": 39.7, ""logger_max_outlet_mbar"": 42.3, ""logger_min_outlet_mbar"": 36.7}"
INS-00402,T-202,2026-06-05,routine_visual,Competent Person (HV),satisfactory,"Oil level normal, no leaks, gauges and maximum pointers read and reset.","{""top_oil_max_pointer_c"": 57.9, ""oil_level"": ""normal""}"
INS-00403,GT-1,2026-06-06,routine_visual,Competent Person (HV),satisfactory,"Oil level normal, no leaks, gauges and maximum pointers read and reset.","{""top_oil_max_pointer_c"": 58.6, ""oil_level"": ""normal""}"
INS-00404,GT-2,2026-06-06,routine_visual,Competent Person (HV),satisfactory,"Oil level normal, no leaks, gauges and maximum pointers read and reset.","{""top_oil_max_pointer_c"": 60.6, ""oil_level"": ""normal""}"
INS-00405,T-105,2026-06-07,routine_visual,Competent Person (HV),satisfactory,"Oil level normal, no leaks, gauges and maximum pointers read and reset.","{""top_oil_max_pointer_c"": 59.3, ""oil_level"": ""normal""}"
INS-00406,BAT-RVL,2026-06-08,battery_check,Competent Person (HV),satisfactory,Float voltage within 123 to 125 V; all cells within limits.,"{""float_volts"": 123.5, ""lowest_cell_volts"": 2.203}"
INS-00407,G-112,2026-06-09,monthly_pressure_check,Competent Person (Pressure Systems),satisfactory,Outlet pressure steady at set point; slam-shut open and latched.,"{""inlet_bar"": 1.84, ""outlet_mbar"": 34.7, ""logger_max_outlet_mbar"": 37.8, ""logger_min_outlet_mbar"": 31.3}"
INS-00408,BAT-KGM,2026-06-10,battery_check,Competent Person (HV),satisfactory,Float voltage within 123 to 125 V; all cells within limits.,"{""float_volts"": 123.8, ""lowest_cell_volts"": 2.225}"
INS-00409,CT-KGM-01,2026-06-10,shaft_head_visual,Competent Person (HV),satisfactory,"Shaft covers locked, fixed fan running, gas detector healthy at surface panel.","{""oxygen_pct"": 20.8, ""flammable_pct_lel"": 0.0}"
INS-00410,G-118,2026-06-10,monthly_pressure_check,Competent Person (Pressure Systems),satisfactory,Outlet pressure steady at set point; slam-shut open and latched.,"{""inlet_bar"": 1.8, ""outlet_mbar"": 30.2, ""logger_max_outlet_mbar"": 32.8, ""logger_min_outlet_mbar"": 25.2}"
INS-00411,BAT-ASH,2026-06-12,battery_check,Competent Person (HV),satisfactory,Float voltage within 123 to 125 V; all cells within limits.,"{""float_volts"": 124.6, ""lowest_cell_volts"": 2.238}"
INS-00412,T-201,2026-06-12,routine_visual,Competent Person (HV),satisfactory,"Oil level normal, no leaks, gauges and maximum pointers read and reset.","{""top_oil_max_pointer_c"": 59.3, ""oil_level"": ""normal""}"
INS-00413,PRS-HRW-01,2026-06-23,monthly_station_check,Competent Person (Pressure Systems),defects_found,"Outlet odorant 4.2 mg/m3, below the 5.0 mg/m3 minimum (PR-GAS-066). Injection pump not delivering.","{""inlet_bar"": 6.54, ""outlet_bar"": 1.6, ""odorant_mg_m3"": 4.2, ""filter_dp_mbar"": 225}"
INS-00414,PRS-HRW-01,2026-07-03,monthly_station_check,Competent Person (Pressure Systems),satisfactory,Duty stream holding 1.60 bar; filter and odorant within limits.,"{""inlet_bar"": 6.3, ""outlet_bar"": 1.61, ""odorant_mg_m3"": 7.2, ""filter_dp_mbar"": 209}"
INS-00415,RMU-ORC-01,2026-07-03,routine_visual,Competent Person (HV),satisfactory,"No damage, oil level normal, enclosure secure.",{}
INS-00416,T-104,2026-07-03,routine_visual,Competent Person (HV),satisfactory,"Oil level normal, no leaks, gauges and maximum pointers read and reset.","{""top_oil_max_pointer_c"": 70.5, ""oil_level"": ""normal""}"
INS-00417,G-124,2026-07-04,monthly_pressure_check,Competent Person (Pressure Systems),satisfactory,Outlet pressure steady at set point; slam-shut open and latched.,"{""inlet_bar"": 1.81, ""outlet_mbar"": 39.4, ""logger_max_outlet_mbar"": 42.0, ""logger_min_outlet_mbar"": 35.1}"
INS-00418,SWG-ASH-11,2026-07-04,routine_visual,Competent Person (HV),satisfactory,"No discharge activity of concern, panels clean, interlocks and labels correct.","{""tev_max_db"": 7.5}"
INS-00419,RMU-BRK-01,2026-07-05,routine_visual,Competent Person (HV),satisfactory,"No damage, oil level normal, enclosure secure.",{}
INS-00420,T-202,2026-07-05,routine_visual,Competent Person (HV),satisfactory,"Oil level normal, no leaks, gauges and maximum pointers read and reset.","{""top_oil_max_pointer_c"": 64.6, ""oil_level"": ""normal""}"
INS-00421,GT-1,2026-07-06,routine_visual,Competent Person (HV),satisfactory,"Oil level normal, no leaks, gauges and maximum pointers read and reset.","{""top_oil_max_pointer_c"": 59.9, ""oil_level"": ""normal""}"
INS-00422,GT-2,2026-07-06,routine_visual,Competent Person (HV),satisfactory,"Oil level normal, no leaks, gauges and maximum pointers read and reset.","{""top_oil_max_pointer_c"": 65.2, ""oil_level"": ""normal""}"
INS-00423,T-105,2026-07-07,routine_visual,Competent Person (HV),satisfactory,"Oil level normal, no leaks, gauges and maximum pointers read and reset.","{""top_oil_max_pointer_c"": 66.7, ""oil_level"": ""normal""}"
INS-00424,BAT-RVL,2026-07-08,battery_check,Competent Person (HV),satisfactory,Float voltage within 123 to 125 V; all cells within limits.,"{""float_volts"": 123.6, ""lowest_cell_volts"": 2.213}"
INS-00425,G-112,2026-07-09,monthly_pressure_check,Competent Person (Pressure Systems),defects_found,"Logger maximum outlet 42.4 mbar, more than 5 mbar above the 35 mbar set point (PR-GAS-058 6.4.3). Overnight creep suspected.","{""inlet_bar"": 1.85, ""outlet_mbar"": 34.7, ""logger_max_outlet_mbar"": 42.4, ""logger_min_outlet_mbar"": 32.3}"
INS-00426,TX-BRK-01,2026-07-09,routine_visual,Competent Person (HV),satisfactory,"No damage, oil level normal, enclosure secure.",{}
INS-00427,BAT-KGM,2026-07-10,battery_check,Competent Person (HV),satisfactory,Float voltage within 123 to 125 V; all cells within limits.,"{""float_volts"": 123.6, ""lowest_cell_volts"": 2.243}"
INS-00428,CT-KGM-01,2026-07-10,shaft_head_visual,Competent Person (HV),satisfactory,"Shaft covers locked, fixed fan running, gas detector healthy at surface panel.","{""oxygen_pct"": 20.8, ""flammable_pct_lel"": 0.0}"
INS-00429,G-118,2026-07-10,monthly_pressure_check,Competent Person (Pressure Systems),satisfactory,Outlet pressure steady at set point; slam-shut open and latched.,"{""inlet_bar"": 1.88, ""outlet_mbar"": 29.8, ""logger_max_outlet_mbar"": 31.8, ""logger_min_outlet_mbar"": 26.8}"
INS-00430,SWG-RVL-33,2026-07-10,routine_visual,Competent Person (HV),satisfactory,"No discharge activity of concern, panels clean, interlocks and labels correct.","{""tev_max_db"": 2.1}"
INS-00431,SWG-KGM-11,2026-07-11,routine_visual,Competent Person (HV),satisfactory,"No discharge activity of concern, panels clean, interlocks and labels correct.","{""tev_max_db"": 18.6}"
INS-00432,TX-ORC-01,2026-07-11,routine_visual,Competent Person (HV),satisfactory,"No damage, oil level normal, enclosure secure.",{}
INS-00433,BAT-ASH,2026-07-12,battery_check,Competent Person (HV),satisfactory,Float voltage within 123 to 125 V; all cells within limits.,"{""float_volts"": 123.3, ""lowest_cell_volts"": 2.213}"
INS-00434,T-201,2026-07-12,routine_visual,Competent Person (HV),satisfactory,"Oil level normal, no leaks, gauges and maximum pointers read and reset.","{""top_oil_max_pointer_c"": 65.0, ""oil_level"": ""normal""}"
INS-00435,GT-1,2026-07-20,oil_sample_dga,Competent Person (HV),satisfactory,All dissolved gases below caution thresholds.,"{""hydrogen"": 27.8, ""methane"": 16.1, ""ethane"": 5.7, ""ethylene"": 8.5, ""carbon_monoxide"": 261, ""carbon_dioxide"": 2787, ""acetylene"": 0.0}"
INS-00436,GT-2,2026-07-20,oil_sample_dga,Competent Person (HV),satisfactory,All dissolved gases below caution thresholds.,"{""hydrogen"": 19.6, ""methane"": 20.3, ""ethane"": 7.3, ""ethylene"": 8.3, ""carbon_monoxide"": 259, ""carbon_dioxide"": 2736, ""acetylene"": 0.0}"
INS-00437,T-104,2026-07-20,oil_sample_dga,Competent Person (HV),defects_found,"Acetylene 4.1 ppm, above the 2 ppm caution threshold (PR-ELEC-044). Increased sampling and trend review.","{""hydrogen"": 53.0, ""methane"": 21.0, ""ethane"": 8.4, ""ethylene"": 13.5, ""carbon_monoxide"": 272, ""carbon_dioxide"": 2779, ""acetylene"": 4.1}"
INS-00438,T-105,2026-07-20,oil_sample_dga,Competent Person (HV),satisfactory,All dissolved gases below caution thresholds.,"{""hydrogen"": 13.9, ""methane"": 15.4, ""ethane"": 4.3, ""ethylene"": 7.7, ""carbon_monoxide"": 209, ""carbon_dioxide"": 2534, ""acetylene"": 0.0}"
INS-00439,T-201,2026-07-20,oil_sample_dga,Competent Person (HV),satisfactory,All dissolved gases below caution thresholds.,"{""hydrogen"": 18.1, ""methane"": 13.8, ""ethane"": 4.6, ""ethylene"": 7.5, ""carbon_monoxide"": 315, ""carbon_dioxide"": 2578, ""acetylene"": 0.0}"
INS-00440,T-202,2026-07-20,oil_sample_dga,Competent Person (HV),satisfactory,All dissolved gases below caution thresholds.,"{""hydrogen"": 29.8, ""methane"": 9.3, ""ethane"": 9.5, ""ethylene"": 5.2, ""carbon_monoxide"": 199, ""carbon_dioxide"": 1628, ""acetylene"": 0.0}"
INS-00441,PRS-HRW-01,2026-08-03,monthly_station_check,Competent Person (Pressure Systems),satisfactory,Duty stream holding 1.60 bar; filter and odorant within limits.,"{""inlet_bar"": 6.41, ""outlet_bar"": 1.6, ""odorant_mg_m3"": 6.8, ""filter_dp_mbar"": 126}"
INS-00442,T-104,2026-08-03,routine_visual,Competent Person (HV),satisfactory,"Oil level normal, no leaks, gauges and maximum pointers read and reset.","{""top_oil_max_pointer_c"": 64.0, ""oil_level"": ""normal""}"
INS-00443,G-124,2026-08-04,monthly_pressure_check,Competent Person (Pressure Systems),satisfactory,Outlet pressure steady at set point; slam-shut open and latched.,"{""inlet_bar"": 1.79, ""outlet_mbar"": 39.6, ""logger_max_outlet_mbar"": 42.8, ""logger_min_outlet_mbar"": 35.7}"
INS-00444,T-202,2026-08-05,routine_visual,Competent Person (HV),satisfactory,"Oil level normal, no leaks, gauges and maximum pointers read and reset.","{""top_oil_max_pointer_c"": 61.9, ""oil_level"": ""normal""}"
INS-00445,GT-1,2026-08-06,routine_visual,Competent Person (HV),satisfactory,"Oil level normal, no leaks, gauges and maximum pointers read and reset.","{""top_oil_max_pointer_c"": 65.0, ""oil_level"": ""normal""}"
INS-00446,GT-2,2026-08-06,routine_visual,Competent Person (HV),satisfactory,"Oil level normal, no leaks, gauges and maximum pointers read and reset.","{""top_oil_max_pointer_c"": 62.8, ""oil_level"": ""normal""}"
INS-00447,T-105,2026-08-07,routine_visual,Competent Person (HV),satisfactory,"Oil level normal, no leaks, gauges and maximum pointers read and reset.","{""top_oil_max_pointer_c"": 60.1, ""oil_level"": ""normal""}"
INS-00448,BAT-RVL,2026-08-08,battery_check,Competent Person (HV),satisfactory,Float voltage within 123 to 125 V; all cells within limits.,"{""float_volts"": 123.4, ""lowest_cell_volts"": 2.217}"
INS-00449,G-112,2026-08-09,monthly_pressure_check,Competent Person (Pressure Systems),defects_found,"Logger maximum outlet 45.2 mbar, more than 5 mbar above the 35 mbar set point (PR-GAS-058 6.4.3). Overnight creep suspected.","{""inlet_bar"": 1.86, ""outlet_mbar"": 35.1, ""logger_max_outlet_mbar"": 45.2, ""logger_min_outlet_mbar"": 32.4}"
INS-00450,BAT-KGM,2026-08-10,battery_check,Competent Person (HV),satisfactory,Float voltage within 123 to 125 V; all cells within limits.,"{""float_volts"": 123.9, ""lowest_cell_volts"": 2.257}"
INS-00451,CT-KGM-01,2026-08-10,shaft_head_visual,Competent Person (HV),satisfactory,"Shaft covers locked, fixed fan running, gas detector healthy at surface panel.","{""oxygen_pct"": 20.8, ""flammable_pct_lel"": 0.0}"
INS-00452,G-118,2026-08-10,monthly_pressure_check,Competent Person (Pressure Systems),satisfactory,Outlet pressure steady at set point; slam-shut open and latched.,"{""inlet_bar"": 1.9, ""outlet_mbar"": 29.6, ""logger_max_outlet_mbar"": 32.5, ""logger_min_outlet_mbar"": 27.5}"
INS-00453,BAT-ASH,2026-08-12,battery_check,Competent Person (HV),satisfactory,Float voltage within 123 to 125 V; all cells within limits.,"{""float_volts"": 123.7, ""lowest_cell_volts"": 2.216}"
INS-00454,T-201,2026-08-12,routine_visual,Competent Person (HV),satisfactory,"Oil level normal, no leaks, gauges and maximum pointers read and reset.","{""top_oil_max_pointer_c"": 60.8, ""oil_level"": ""normal""}"
INS-00455,T-104,2026-08-19,oil_sample_dga,Competent Person (HV),defects_found,"Acetylene 4.6 ppm, above the 2 ppm caution threshold (PR-ELEC-044). Increased sampling and trend review.","{""hydrogen"": 67.2, ""methane"": 18.8, ""ethane"": 10.3, ""ethylene"": 20.4, ""carbon_monoxide"": 252, ""carbon_dioxide"": 2288, ""acetylene"": 4.6}"
INS-00456,PRS-HRW-01,2026-09-03,monthly_station_check,Competent Person (Pressure Systems),satisfactory,Duty stream holding 1.60 bar; filter and odorant within limits.,"{""inlet_bar"": 6.67, ""outlet_bar"": 1.61, ""odorant_mg_m3"": 7.3, ""filter_dp_mbar"": 131}"
INS-00457,T-104,2026-09-03,routine_visual,Competent Person (HV),satisfactory,"Oil level normal, no leaks, gauges and maximum pointers read and reset.","{""top_oil_max_pointer_c"": 66.7, ""oil_level"": ""normal""}"
INS-00458,G-124,2026-09-04,monthly_pressure_check,Competent Person (Pressure Systems),satisfactory,Outlet pressure steady at set point; slam-shut open and latched.,"{""inlet_bar"": 1.79, ""outlet_mbar"": 40.6, ""logger_max_outlet_mbar"": 42.6, ""logger_min_outlet_mbar"": 36.0}"
INS-00459,T-202,2026-09-05,routine_visual,Competent Person (HV),satisfactory,"Oil level normal, no leaks, gauges and maximum pointers read and reset.","{""top_oil_max_pointer_c"": 65.3, ""oil_level"": ""normal""}"
INS-00460,GT-1,2026-09-06,routine_visual,Competent Person (HV),defects_found,Silica gel breather more than two-thirds discoloured; replacement requested.,"{""top_oil_max_pointer_c"": 63.8, ""oil_level"": ""normal""}"
INS-00461,GT-2,2026-09-06,routine_visual,Competent Person (HV),satisfactory,"Oil level normal, no leaks, gauges and maximum pointers read and reset.","{""top_oil_max_pointer_c"": 62.9, ""oil_level"": ""normal""}"
INS-00462,T-105,2026-09-07,routine_visual,Competent Person (HV),satisfactory,"Oil level normal, no leaks, gauges and maximum pointers read and reset.","{""top_oil_max_pointer_c"": 57.7, ""oil_level"": ""normal""}"
INS-00463,BAT-RVL,2026-09-08,battery_check,Competent Person (HV),satisfactory,Float voltage within 123 to 125 V; all cells within limits.,"{""float_volts"": 124.0, ""lowest_cell_volts"": 2.207}"
INS-00464,T-104,2026-09-08,oil_sample_dga,Competent Person (HV),unsatisfactory,"Acetylene 5.8 ppm, above the 5 ppm action threshold (PR-ELEC-044). Weekly sampling, engineering review and ONAN load limit required.","{""hydrogen"": 77.0, ""methane"": 10.7, ""ethane"": 10.8, ""ethylene"": 21.7, ""carbon_monoxide"": 246, ""carbon_dioxide"": 1856, ""acetylene"": 5.8}"
INS-00465,G-112,2026-09-09,monthly_pressure_check,Competent Person (Pressure Systems),defects_found,"Logger maximum outlet 46.2 mbar, more than 5 mbar above the 35 mbar set point (PR-GAS-058 6.4.3). Overnight creep suspected.","{""inlet_bar"": 1.87, ""outlet_mbar"": 35.1, ""logger_max_outlet_mbar"": 46.2, ""logger_min_outlet_mbar"": 32.6}"
INS-00466,BAT-KGM,2026-09-10,battery_check,Competent Person (HV),satisfactory,Float voltage within 123 to 125 V; all cells within limits.,"{""float_volts"": 124.6, ""lowest_cell_volts"": 2.252}"
INS-00467,CT-KGM-01,2026-09-10,shaft_head_visual,Competent Person (HV),satisfactory,"Shaft covers locked, fixed fan running, gas detector healthy at surface panel.","{""oxygen_pct"": 20.9, ""flammable_pct_lel"": 0.0}"
INS-00468,G-118,2026-09-10,monthly_pressure_check,Competent Person (Pressure Systems),satisfactory,Outlet pressure steady at set point; slam-shut open and latched.,"{""inlet_bar"": 1.79, ""outlet_mbar"": 30.5, ""logger_max_outlet_mbar"": 33.0, ""logger_min_outlet_mbar"": 27.8}"
INS-00469,BAT-ASH,2026-09-12,battery_check,Competent Person (HV),satisfactory,Float voltage within 123 to 125 V; all cells within limits.,"{""float_volts"": 124.4, ""lowest_cell_volts"": 2.213}"
INS-00470,T-201,2026-09-12,routine_visual,Competent Person (HV),satisfactory,"Oil level normal, no leaks, gauges and maximum pointers read and reset.","{""top_oil_max_pointer_c"": 62.1, ""oil_level"": ""normal""}"
INS-00471,T-104,2026-09-15,oil_sample_dga,Competent Person (HV),unsatisfactory,"Acetylene 6.1 ppm, above the 5 ppm action threshold (PR-ELEC-044). Weekly sampling, engineering review and ONAN load limit required.","{""hydrogen"": 73.3, ""methane"": 15.2, ""ethane"": 5.3, ""ethylene"": 24.0, ""carbon_monoxide"": 210, ""carbon_dioxide"": 2543, ""acetylene"": 6.1}"
INS-00472,T-104,2026-09-22,oil_sample_dga,Competent Person (HV),unsatisfactory,"Acetylene 6.5 ppm, above the 5 ppm action threshold (PR-ELEC-044). Weekly sampling, engineering review and ONAN load limit required.","{""hydrogen"": 74.8, ""methane"": 19.8, ""ethane"": 7.1, ""ethylene"": 19.2, ""carbon_monoxide"": 285, ""carbon_dioxide"": 2731, ""acetylene"": 6.5}"
INS-00473,T-104,2026-09-29,oil_sample_dga,Competent Person (HV),unsatisfactory,"Acetylene 6.9 ppm, above the 5 ppm action threshold (PR-ELEC-044). Weekly sampling, engineering review and ONAN load limit required.","{""hydrogen"": 83.0, ""methane"": 14.9, ""ethane"": 11.6, ""ethylene"": 19.5, ""carbon_monoxide"": 274, ""carbon_dioxide"": 2241, ""acetylene"": 6.9}"
INS-00474,PRS-HRW-01,2026-10-03,monthly_station_check,Competent Person (Pressure Systems),satisfactory,Duty stream holding 1.60 bar; filter and odorant within limits.,"{""inlet_bar"": 6.68, ""outlet_bar"": 1.59, ""odorant_mg_m3"": 8.2, ""filter_dp_mbar"": 137}"
INS-00475,RMU-ORC-01,2026-10-03,routine_visual,Competent Person (HV),satisfactory,"No damage, oil level normal, enclosure secure.",{}
INS-00476,SSV-HRW-B,2026-10-03,function_test,Competent Person (Pressure Systems),satisfactory,Standby stream slam-shut tripped within 1.90 bar plus or minus 0.04 bar (PR-GAS-014).,"{""opso_trip_bar"": 1.88}"
INS-00477,T-104,2026-10-03,routine_visual,Competent Person (HV),satisfactory,"Oil level normal, no leaks, gauges and maximum pointers read and reset.","{""top_oil_max_pointer_c"": 60.8, ""oil_level"": ""normal""}"
INS-00478,G-124,2026-10-04,monthly_pressure_check,Competent Person (Pressure Systems),satisfactory,Outlet pressure steady at set point; slam-shut open and latched.,"{""inlet_bar"": 1.8, ""outlet_mbar"": 40.2, ""logger_max_outlet_mbar"": 41.7, ""logger_min_outlet_mbar"": 37.0}"
INS-00479,SWG-ASH-11,2026-10-04,routine_visual,Competent Person (HV),satisfactory,"No discharge activity of concern, panels clean, interlocks and labels correct.","{""tev_max_db"": 7.9}"
INS-00480,RMU-BRK-01,2026-10-05,routine_visual,Competent Person (HV),satisfactory,"No damage, oil level normal, enclosure secure.",{}
INS-00481,T-202,2026-10-05,routine_visual,Competent Person (HV),satisfactory,"Oil level normal, no leaks, gauges and maximum pointers read and reset.","{""top_oil_max_pointer_c"": 56.8, ""oil_level"": ""normal""}"
INS-00482,GT-1,2026-10-06,routine_visual,Competent Person (HV),satisfactory,"Oil level normal, no leaks, gauges and maximum pointers read and reset.","{""top_oil_max_pointer_c"": 57.6, ""oil_level"": ""normal""}"
INS-00483,GT-2,2026-10-06,routine_visual,Competent Person (HV),satisfactory,"Oil level normal, no leaks, gauges and maximum pointers read and reset.","{""top_oil_max_pointer_c"": 59.8, ""oil_level"": ""normal""}"
INS-00484,T-105,2026-10-07,routine_visual,Competent Person (HV),satisfactory,"Oil level normal, no leaks, gauges and maximum pointers read and reset.","{""top_oil_max_pointer_c"": 54.9, ""oil_level"": ""normal""}"
INS-00485,BAT-RVL,2026-10-08,battery_check,Competent Person (HV),satisfactory,Float voltage within 123 to 125 V; all cells within limits.,"{""float_volts"": 124.1, ""lowest_cell_volts"": 2.24}"
INS-00486,SSV-118,2026-10-08,function_test,Competent Person (Pressure Systems),satisfactory,Both trips within tolerance (PR-GAS-014). Valve reset and latched.,"{""opso_trip_mbar"": 54.6, ""upso_trip_mbar"": 11.7}"
INS-00487,SSV-HRW-A,2026-10-08,function_test,Competent Person (Pressure Systems),satisfactory,Standby stream slam-shut tripped within 1.90 bar plus or minus 0.04 bar (PR-GAS-014).,"{""opso_trip_bar"": 1.89}"
